combo_key,option,match_no,winner_slot,winner_group,third_group
ABCDEFGH,495,79,1A,A,H
ABCDEFGH,495,85,1B,B,G
ABCDEFGH,495,81,1D,D,B
ABCDEFGH,495,74,1E,E,C
ABCDEFGH,495,82,1G,G,A
ABCDEFGH,495,77,1I,I,F
ABCDEFGH,495,87,1K,K,D
ABCDEFGH,495,80,1L,L,E
ABCDEFGI,494,79,1A,A,C
ABCDEFGI,494,85,1B,B,G
ABCDEFGI,494,81,1D,D,B
ABCDEFGI,494,74,1E,E,D
ABCDEFGI,494,82,1G,G,A
ABCDEFGI,494,77,1I,I,F
ABCDEFGI,494,87,1K,K,E
ABCDEFGI,494,80,1L,L,I
ABCDEFGJ,493,79,1A,A,C
ABCDEFGJ,493,85,1B,B,G
ABCDEFGJ,493,81,1D,D,B
ABCDEFGJ,493,74,1E,E,D
ABCDEFGJ,493,82,1G,G,A
ABCDEFGJ,493,77,1I,I,F
ABCDEFGJ,493,87,1K,K,E
ABCDEFGJ,493,80,1L,L,J
ABCDEFGK,492,79,1A,A,C
ABCDEFGK,492,85,1B,B,G
ABCDEFGK,492,81,1D,D,B
ABCDEFGK,492,74,1E,E,D
ABCDEFGK,492,82,1G,G,A
ABCDEFGK,492,77,1I,I,F
ABCDEFGK,492,87,1K,K,E
ABCDEFGK,492,80,1L,L,K
ABCDEFGL,491,79,1A,A,C
ABCDEFGL,491,85,1B,B,G
ABCDEFGL,491,81,1D,D,B
ABCDEFGL,491,74,1E,E,D
ABCDEFGL,491,82,1G,G,A
ABCDEFGL,491,77,1I,I,F
ABCDEFGL,491,87,1K,K,L
ABCDEFGL,491,80,1L,L,E
ABCDEFHI,490,79,1A,A,H
ABCDEFHI,490,85,1B,B,E
ABCDEFHI,490,81,1D,D,B
ABCDEFHI,490,74,1E,E,C
ABCDEFHI,490,82,1G,G,A
ABCDEFHI,490,77,1I,I,F
ABCDEFHI,490,87,1K,K,D
ABCDEFHI,490,80,1L,L,I
ABCDEFHJ,489,79,1A,A,H
ABCDEFHJ,489,85,1B,B,J
ABCDEFHJ,489,81,1D,D,B
ABCDEFHJ,489,74,1E,E,C
ABCDEFHJ,489,82,1G,G,A
ABCDEFHJ,489,77,1I,I,F
ABCDEFHJ,489,87,1K,K,D
ABCDEFHJ,489,80,1L,L,E
ABCDEFHK,488,79,1A,A,H
ABCDEFHK,488,85,1B,B,E
ABCDEFHK,488,81,1D,D,B
ABCDEFHK,488,74,1E,E,C
ABCDEFHK,488,82,1G,G,A
ABCDEFHK,488,77,1I,I,F
ABCDEFHK,488,87,1K,K,D
ABCDEFHK,488,80,1L,L,K
ABCDEFHL,487,79,1A,A,H
ABCDEFHL,487,85,1B,B,F
ABCDEFHL,487,81,1D,D,B
ABCDEFHL,487,74,1E,E,C
ABCDEFHL,487,82,1G,G,A
ABCDEFHL,487,77,1I,I,D
ABCDEFHL,487,87,1K,K,L
ABCDEFHL,487,80,1L,L,E
ABCDEFIJ,486,79,1A,A,C
ABCDEFIJ,486,85,1B,B,J
ABCDEFIJ,486,81,1D,D,B
ABCDEFIJ,486,74,1E,E,D
ABCDEFIJ,486,82,1G,G,A
ABCDEFIJ,486,77,1I,I,F
ABCDEFIJ,486,87,1K,K,E
ABCDEFIJ,486,80,1L,L,I
ABCDEFIK,485,79,1A,A,C
ABCDEFIK,485,85,1B,B,E
ABCDEFIK,485,81,1D,D,B
ABCDEFIK,485,74,1E,E,D
ABCDEFIK,485,82,1G,G,A
ABCDEFIK,485,77,1I,I,F
ABCDEFIK,485,87,1K,K,I
ABCDEFIK,485,80,1L,L,K
ABCDEFIL,484,79,1A,A,C
ABCDEFIL,484,85,1B,B,E
ABCDEFIL,484,81,1D,D,B
ABCDEFIL,484,74,1E,E,D
ABCDEFIL,484,82,1G,G,A
ABCDEFIL,484,77,1I,I,F
ABCDEFIL,484,87,1K,K,L
ABCDEFIL,484,80,1L,L,I
ABCDEFJK,483,79,1A,A,C
ABCDEFJK,483,85,1B,B,J
ABCDEFJK,483,81,1D,D,B
ABCDEFJK,483,74,1E,E,D
ABCDEFJK,483,82,1G,G,A
ABCDEFJK,483,77,1I,I,F
ABCDEFJK,483,87,1K,K,E
ABCDEFJK,483,80,1L,L,K
ABCDEFJL,482,79,1A,A,C
ABCDEFJL,482,85,1B,B,J
ABCDEFJL,482,81,1D,D,B
ABCDEFJL,482,74,1E,E,D
ABCDEFJL,482,82,1G,G,A
ABCDEFJL,482,77,1I,I,F
ABCDEFJL,482,87,1K,K,L
ABCDEFJL,482,80,1L,L,E
ABCDEFKL,481,79,1A,A,C
ABCDEFKL,481,85,1B,B,E
ABCDEFKL,481,81,1D,D,B
ABCDEFKL,481,74,1E,E,D
ABCDEFKL,481,82,1G,G,A
ABCDEFKL,481,77,1I,I,F
ABCDEFKL,481,87,1K,K,L
ABCDEFKL,481,80,1L,L,K
ABCDEGHI,480,79,1A,A,H
ABCDEGHI,480,85,1B,B,G
ABCDEGHI,480,81,1D,D,B
ABCDEGHI,480,74,1E,E,C
ABCDEGHI,480,82,1G,G,A
ABCDEGHI,480,77,1I,I,D
ABCDEGHI,480,87,1K,K,E
ABCDEGHI,480,80,1L,L,I
ABCDEGHJ,479,79,1A,A,H
ABCDEGHJ,479,85,1B,B,G
ABCDEGHJ,479,81,1D,D,B
ABCDEGHJ,479,74,1E,E,C
ABCDEGHJ,479,82,1G,G,A
ABCDEGHJ,479,77,1I,I,D
ABCDEGHJ,479,87,1K,K,E
ABCDEGHJ,479,80,1L,L,J
ABCDEGHK,478,79,1A,A,H
ABCDEGHK,478,85,1B,B,G
ABCDEGHK,478,81,1D,D,B
ABCDEGHK,478,74,1E,E,C
ABCDEGHK,478,82,1G,G,A
ABCDEGHK,478,77,1I,I,D
ABCDEGHK,478,87,1K,K,E
ABCDEGHK,478,80,1L,L,K
ABCDEGHL,477,79,1A,A,H
ABCDEGHL,477,85,1B,B,G
ABCDEGHL,477,81,1D,D,B
ABCDEGHL,477,74,1E,E,C
ABCDEGHL,477,82,1G,G,A
ABCDEGHL,477,77,1I,I,D
ABCDEGHL,477,87,1K,K,L
ABCDEGHL,477,80,1L,L,E
ABCDEGIJ,476,79,1A,A,E
ABCDEGIJ,476,85,1B,B,G
ABCDEGIJ,476,81,1D,D,B
ABCDEGIJ,476,74,1E,E,C
ABCDEGIJ,476,82,1G,G,A
ABCDEGIJ,476,77,1I,I,D
ABCDEGIJ,476,87,1K,K,I
ABCDEGIJ,476,80,1L,L,J
ABCDEGIK,475,79,1A,A,E
ABCDEGIK,475,85,1B,B,G
ABCDEGIK,475,81,1D,D,B
ABCDEGIK,475,74,1E,E,C
ABCDEGIK,475,82,1G,G,A
ABCDEGIK,475,77,1I,I,D
ABCDEGIK,475,87,1K,K,I
ABCDEGIK,475,80,1L,L,K
ABCDEGIL,474,79,1A,A,E
ABCDEGIL,474,85,1B,B,G
ABCDEGIL,474,81,1D,D,B
ABCDEGIL,474,74,1E,E,C
ABCDEGIL,474,82,1G,G,A
ABCDEGIL,474,77,1I,I,D
ABCDEGIL,474,87,1K,K,L
ABCDEGIL,474,80,1L,L,I
ABCDEGJK,473,79,1A,A,E
ABCDEGJK,473,85,1B,B,G
ABCDEGJK,473,81,1D,D,B
ABCDEGJK,473,74,1E,E,C
ABCDEGJK,473,82,1G,G,A
ABCDEGJK,473,77,1I,I,D
ABCDEGJK,473,87,1K,K,J
ABCDEGJK,473,80,1L,L,K
ABCDEGJL,472,79,1A,A,E
ABCDEGJL,472,85,1B,B,G
ABCDEGJL,472,81,1D,D,B
ABCDEGJL,472,74,1E,E,C
ABCDEGJL,472,82,1G,G,A
ABCDEGJL,472,77,1I,I,D
ABCDEGJL,472,87,1K,K,L
ABCDEGJL,472,80,1L,L,J
ABCDEGKL,471,79,1A,A,E
ABCDEGKL,471,85,1B,B,G
ABCDEGKL,471,81,1D,D,B
ABCDEGKL,471,74,1E,E,C
ABCDEGKL,471,82,1G,G,A
ABCDEGKL,471,77,1I,I,D
ABCDEGKL,471,87,1K,K,L
ABCDEGKL,471,80,1L,L,K
ABCDEHIJ,470,79,1A,A,H
ABCDEHIJ,470,85,1B,B,J
ABCDEHIJ,470,81,1D,D,B
ABCDEHIJ,470,74,1E,E,C
ABCDEHIJ,470,82,1G,G,A
ABCDEHIJ,470,77,1I,I,D
ABCDEHIJ,470,87,1K,K,E
ABCDEHIJ,470,80,1L,L,I
ABCDEHIK,469,79,1A,A,H
ABCDEHIK,469,85,1B,B,E
ABCDEHIK,469,81,1D,D,B
ABCDEHIK,469,74,1E,E,C
ABCDEHIK,469,82,1G,G,A
ABCDEHIK,469,77,1I,I,D
ABCDEHIK,469,87,1K,K,I
ABCDEHIK,469,80,1L,L,K
ABCDEHIL,468,79,1A,A,H
ABCDEHIL,468,85,1B,B,E
ABCDEHIL,468,81,1D,D,B
ABCDEHIL,468,74,1E,E,C
ABCDEHIL,468,82,1G,G,A
ABCDEHIL,468,77,1I,I,D
ABCDEHIL,468,87,1K,K,L
ABCDEHIL,468,80,1L,L,I
ABCDEHJK,467,79,1A,A,H
ABCDEHJK,467,85,1B,B,J
ABCDEHJK,467,81,1D,D,B
ABCDEHJK,467,74,1E,E,C
ABCDEHJK,467,82,1G,G,A
ABCDEHJK,467,77,1I,I,D
ABCDEHJK,467,87,1K,K,E
ABCDEHJK,467,80,1L,L,K
ABCDEHJL,466,79,1A,A,H
ABCDEHJL,466,85,1B,B,J
ABCDEHJL,466,81,1D,D,B
ABCDEHJL,466,74,1E,E,C
ABCDEHJL,466,82,1G,G,A
ABCDEHJL,466,77,1I,I,D
ABCDEHJL,466,87,1K,K,L
ABCDEHJL,466,80,1L,L,E
ABCDEHKL,465,79,1A,A,H
ABCDEHKL,465,85,1B,B,E
ABCDEHKL,465,81,1D,D,B
ABCDEHKL,465,74,1E,E,C
ABCDEHKL,465,82,1G,G,A
ABCDEHKL,465,77,1I,I,D
ABCDEHKL,465,87,1K,K,L
ABCDEHKL,465,80,1L,L,K
ABCDEIJK,464,79,1A,A,E
ABCDEIJK,464,85,1B,B,J
ABCDEIJK,464,81,1D,D,B
ABCDEIJK,464,74,1E,E,C
ABCDEIJK,464,82,1G,G,A
ABCDEIJK,464,77,1I,I,D
ABCDEIJK,464,87,1K,K,I
ABCDEIJK,464,80,1L,L,K
ABCDEIJL,463,79,1A,A,E
ABCDEIJL,463,85,1B,B,J
ABCDEIJL,463,81,1D,D,B
ABCDEIJL,463,74,1E,E,C
ABCDEIJL,463,82,1G,G,A
ABCDEIJL,463,77,1I,I,D
ABCDEIJL,463,87,1K,K,L
ABCDEIJL,463,80,1L,L,I
ABCDEIKL,462,79,1A,A,E
ABCDEIKL,462,85,1B,B,I
ABCDEIKL,462,81,1D,D,B
ABCDEIKL,462,74,1E,E,C
ABCDEIKL,462,82,1G,G,A
ABCDEIKL,462,77,1I,I,D
ABCDEIKL,462,87,1K,K,L
ABCDEIKL,462,80,1L,L,K
ABCDEJKL,461,79,1A,A,E
ABCDEJKL,461,85,1B,B,J
ABCDEJKL,461,81,1D,D,B
ABCDEJKL,461,74,1E,E,C
ABCDEJKL,461,82,1G,G,A
ABCDEJKL,461,77,1I,I,D
ABCDEJKL,461,87,1K,K,L
ABCDEJKL,461,80,1L,L,K
ABCDFGHI,460,79,1A,A,H
ABCDFGHI,460,85,1B,B,G
ABCDFGHI,460,81,1D,D,B
ABCDFGHI,460,74,1E,E,C
ABCDFGHI,460,82,1G,G,A
ABCDFGHI,460,77,1I,I,F
ABCDFGHI,460,87,1K,K,D
ABCDFGHI,460,80,1L,L,I
ABCDFGHJ,459,79,1A,A,H
ABCDFGHJ,459,85,1B,B,G
ABCDFGHJ,459,81,1D,D,B
ABCDFGHJ,459,74,1E,E,C
ABCDFGHJ,459,82,1G,G,A
ABCDFGHJ,459,77,1I,I,F
ABCDFGHJ,459,87,1K,K,D
ABCDFGHJ,459,80,1L,L,J
ABCDFGHK,458,79,1A,A,H
ABCDFGHK,458,85,1B,B,G
ABCDFGHK,458,81,1D,D,B
ABCDFGHK,458,74,1E,E,C
ABCDFGHK,458,82,1G,G,A
ABCDFGHK,458,77,1I,I,F
ABCDFGHK,458,87,1K,K,D
ABCDFGHK,458,80,1L,L,K
ABCDFGHL,457,79,1A,A,C
ABCDFGHL,457,85,1B,B,G
ABCDFGHL,457,81,1D,D,B
ABCDFGHL,457,74,1E,E,D
ABCDFGHL,457,82,1G,G,A
ABCDFGHL,457,77,1I,I,F
ABCDFGHL,457,87,1K,K,L
ABCDFGHL,457,80,1L,L,H
ABCDFGIJ,456,79,1A,A,C
ABCDFGIJ,456,85,1B,B,G
ABCDFGIJ,456,81,1D,D,B
ABCDFGIJ,456,74,1E,E,D
ABCDFGIJ,456,82,1G,G,A
ABCDFGIJ,456,77,1I,I,F
ABCDFGIJ,456,87,1K,K,I
ABCDFGIJ,456,80,1L,L,J
ABCDFGIK,455,79,1A,A,C
ABCDFGIK,455,85,1B,B,G
ABCDFGIK,455,81,1D,D,B
ABCDFGIK,455,74,1E,E,D
ABCDFGIK,455,82,1G,G,A
ABCDFGIK,455,77,1I,I,F
ABCDFGIK,455,87,1K,K,I
ABCDFGIK,455,80,1L,L,K
ABCDFGIL,454,79,1A,A,C
ABCDFGIL,454,85,1B,B,G
ABCDFGIL,454,81,1D,D,B
ABCDFGIL,454,74,1E,E,D
ABCDFGIL,454,82,1G,G,A
ABCDFGIL,454,77,1I,I,F
ABCDFGIL,454,87,1K,K,L
ABCDFGIL,454,80,1L,L,I
ABCDFGJK,453,79,1A,A,C
ABCDFGJK,453,85,1B,B,G
ABCDFGJK,453,81,1D,D,B
ABCDFGJK,453,74,1E,E,D
ABCDFGJK,453,82,1G,G,A
ABCDFGJK,453,77,1I,I,F
ABCDFGJK,453,87,1K,K,J
ABCDFGJK,453,80,1L,L,K
ABCDFGJL,452,79,1A,A,C
ABCDFGJL,452,85,1B,B,G
ABCDFGJL,452,81,1D,D,B
ABCDFGJL,452,74,1E,E,D
ABCDFGJL,452,82,1G,G,A
ABCDFGJL,452,77,1I,I,F
ABCDFGJL,452,87,1K,K,L
ABCDFGJL,452,80,1L,L,J
ABCDFGKL,451,79,1A,A,C
ABCDFGKL,451,85,1B,B,G
ABCDFGKL,451,81,1D,D,B
ABCDFGKL,451,74,1E,E,D
ABCDFGKL,451,82,1G,G,A
ABCDFGKL,451,77,1I,I,F
ABCDFGKL,451,87,1K,K,L
ABCDFGKL,451,80,1L,L,K
ABCDFHIJ,450,79,1A,A,H
ABCDFHIJ,450,85,1B,B,J
ABCDFHIJ,450,81,1D,D,B
ABCDFHIJ,450,74,1E,E,C
ABCDFHIJ,450,82,1G,G,A
ABCDFHIJ,450,77,1I,I,F
ABCDFHIJ,450,87,1K,K,D
ABCDFHIJ,450,80,1L,L,I
ABCDFHIK,449,79,1A,A,H
ABCDFHIK,449,85,1B,B,F
ABCDFHIK,449,81,1D,D,B
ABCDFHIK,449,74,1E,E,C
ABCDFHIK,449,82,1G,G,A
ABCDFHIK,449,77,1I,I,D
ABCDFHIK,449,87,1K,K,I
ABCDFHIK,449,80,1L,L,K
ABCDFHIL,448,79,1A,A,H
ABCDFHIL,448,85,1B,B,F
ABCDFHIL,448,81,1D,D,B
ABCDFHIL,448,74,1E,E,C
ABCDFHIL,448,82,1G,G,A
ABCDFHIL,448,77,1I,I,D
ABCDFHIL,448,87,1K,K,L
ABCDFHIL,448,80,1L,L,I
ABCDFHJK,447,79,1A,A,H
ABCDFHJK,447,85,1B,B,J
ABCDFHJK,447,81,1D,D,B
ABCDFHJK,447,74,1E,E,C
ABCDFHJK,447,82,1G,G,A
ABCDFHJK,447,77,1I,I,F
ABCDFHJK,447,87,1K,K,D
ABCDFHJK,447,80,1L,L,K
ABCDFHJL,446,79,1A,A,C
ABCDFHJL,446,85,1B,B,J
ABCDFHJL,446,81,1D,D,B
ABCDFHJL,446,74,1E,E,D
ABCDFHJL,446,82,1G,G,A
ABCDFHJL,446,77,1I,I,F
ABCDFHJL,446,87,1K,K,L
ABCDFHJL,446,80,1L,L,H
ABCDFHKL,445,79,1A,A,H
ABCDFHKL,445,85,1B,B,F
ABCDFHKL,445,81,1D,D,B
ABCDFHKL,445,74,1E,E,C
ABCDFHKL,445,82,1G,G,A
ABCDFHKL,445,77,1I,I,D
ABCDFHKL,445,87,1K,K,L
ABCDFHKL,445,80,1L,L,K
ABCDFIJK,444,79,1A,A,C
ABCDFIJK,444,85,1B,B,J
ABCDFIJK,444,81,1D,D,B
ABCDFIJK,444,74,1E,E,D
ABCDFIJK,444,82,1G,G,A
ABCDFIJK,444,77,1I,I,F
ABCDFIJK,444,87,1K,K,I
ABCDFIJK,444,80,1L,L,K
ABCDFIJL,443,79,1A,A,C
ABCDFIJL,443,85,1B,B,J
ABCDFIJL,443,81,1D,D,B
ABCDFIJL,443,74,1E,E,D
ABCDFIJL,443,82,1G,G,A
ABCDFIJL,443,77,1I,I,F
ABCDFIJL,443,87,1K,K,L
ABCDFIJL,443,80,1L,L,I
ABCDFIKL,442,79,1A,A,C
ABCDFIKL,442,85,1B,B,I
ABCDFIKL,442,81,1D,D,B
ABCDFIKL,442,74,1E,E,D
ABCDFIKL,442,82,1G,G,A
ABCDFIKL,442,77,1I,I,F
ABCDFIKL,442,87,1K,K,L
ABCDFIKL,442,80,1L,L,K
ABCDFJKL,441,79,1A,A,C
ABCDFJKL,441,85,1B,B,J
ABCDFJKL,441,81,1D,D,B
ABCDFJKL,441,74,1E,E,D
ABCDFJKL,441,82,1G,G,A
ABCDFJKL,441,77,1I,I,F
ABCDFJKL,441,87,1K,K,L
ABCDFJKL,441,80,1L,L,K
ABCDGHIJ,440,79,1A,A,H
ABCDGHIJ,440,85,1B,B,G
ABCDGHIJ,440,81,1D,D,B
ABCDGHIJ,440,74,1E,E,C
ABCDGHIJ,440,82,1G,G,A
ABCDGHIJ,440,77,1I,I,D
ABCDGHIJ,440,87,1K,K,I
ABCDGHIJ,440,80,1L,L,J
ABCDGHIK,439,79,1A,A,H
ABCDGHIK,439,85,1B,B,G
ABCDGHIK,439,81,1D,D,B
ABCDGHIK,439,74,1E,E,C
ABCDGHIK,439,82,1G,G,A
ABCDGHIK,439,77,1I,I,D
ABCDGHIK,439,87,1K,K,I
ABCDGHIK,439,80,1L,L,K
ABCDGHIL,438,79,1A,A,H
ABCDGHIL,438,85,1B,B,G
ABCDGHIL,438,81,1D,D,B
ABCDGHIL,438,74,1E,E,C
ABCDGHIL,438,82,1G,G,A
ABCDGHIL,438,77,1I,I,D
ABCDGHIL,438,87,1K,K,L
ABCDGHIL,438,80,1L,L,I
ABCDGHJK,437,79,1A,A,H
ABCDGHJK,437,85,1B,B,G
ABCDGHJK,437,81,1D,D,B
ABCDGHJK,437,74,1E,E,C
ABCDGHJK,437,82,1G,G,A
ABCDGHJK,437,77,1I,I,D
ABCDGHJK,437,87,1K,K,J
ABCDGHJK,437,80,1L,L,K
ABCDGHJL,436,79,1A,A,H
ABCDGHJL,436,85,1B,B,G
ABCDGHJL,436,81,1D,D,B
ABCDGHJL,436,74,1E,E,C
ABCDGHJL,436,82,1G,G,A
ABCDGHJL,436,77,1I,I,D
ABCDGHJL,436,87,1K,K,L
ABCDGHJL,436,80,1L,L,J
ABCDGHKL,435,79,1A,A,H
ABCDGHKL,435,85,1B,B,G
ABCDGHKL,435,81,1D,D,B
ABCDGHKL,435,74,1E,E,C
ABCDGHKL,435,82,1G,G,A
ABCDGHKL,435,77,1I,I,D
ABCDGHKL,435,87,1K,K,L
ABCDGHKL,435,80,1L,L,K
ABCDGIJK,434,79,1A,A,C
ABCDGIJK,434,85,1B,B,J
ABCDGIJK,434,81,1D,D,B
ABCDGIJK,434,74,1E,E,D
ABCDGIJK,434,82,1G,G,A
ABCDGIJK,434,77,1I,I,G
ABCDGIJK,434,87,1K,K,I
ABCDGIJK,434,80,1L,L,K
ABCDGIJL,433,79,1A,A,C
ABCDGIJL,433,85,1B,B,J
ABCDGIJL,433,81,1D,D,B
ABCDGIJL,433,74,1E,E,D
ABCDGIJL,433,82,1G,G,A
ABCDGIJL,433,77,1I,I,G
ABCDGIJL,433,87,1K,K,L
ABCDGIJL,433,80,1L,L,I
ABCDGIKL,432,79,1A,A,I
ABCDGIKL,432,85,1B,B,G
ABCDGIKL,432,81,1D,D,B
ABCDGIKL,432,74,1E,E,C
ABCDGIKL,432,82,1G,G,A
ABCDGIKL,432,77,1I,I,D
ABCDGIKL,432,87,1K,K,L
ABCDGIKL,432,80,1L,L,K
ABCDGJKL,431,79,1A,A,C
ABCDGJKL,431,85,1B,B,J
ABCDGJKL,431,81,1D,D,B
ABCDGJKL,431,74,1E,E,D
ABCDGJKL,431,82,1G,G,A
ABCDGJKL,431,77,1I,I,G
ABCDGJKL,431,87,1K,K,L
ABCDGJKL,431,80,1L,L,K
ABCDHIJK,430,79,1A,A,H
ABCDHIJK,430,85,1B,B,J
ABCDHIJK,430,81,1D,D,B
ABCDHIJK,430,74,1E,E,C
ABCDHIJK,430,82,1G,G,A
ABCDHIJK,430,77,1I,I,D
ABCDHIJK,430,87,1K,K,I
ABCDHIJK,430,80,1L,L,K
ABCDHIJL,429,79,1A,A,H
ABCDHIJL,429,85,1B,B,J
ABCDHIJL,429,81,1D,D,B
ABCDHIJL,429,74,1E,E,C
ABCDHIJL,429,82,1G,G,A
ABCDHIJL,429,77,1I,I,D
ABCDHIJL,429,87,1K,K,L
ABCDHIJL,429,80,1L,L,I
ABCDHIKL,428,79,1A,A,H
ABCDHIKL,428,85,1B,B,I
ABCDHIKL,428,81,1D,D,B
ABCDHIKL,428,74,1E,E,C
ABCDHIKL,428,82,1G,G,A
ABCDHIKL,428,77,1I,I,D
ABCDHIKL,428,87,1K,K,L
ABCDHIKL,428,80,1L,L,K
ABCDHJKL,427,79,1A,A,H
ABCDHJKL,427,85,1B,B,J
ABCDHJKL,427,81,1D,D,B
ABCDHJKL,427,74,1E,E,C
ABCDHJKL,427,82,1G,G,A
ABCDHJKL,427,77,1I,I,D
ABCDHJKL,427,87,1K,K,L
ABCDHJKL,427,80,1L,L,K
ABCDIJKL,426,79,1A,A,I
ABCDIJKL,426,85,1B,B,J
ABCDIJKL,426,81,1D,D,B
ABCDIJKL,426,74,1E,E,C
ABCDIJKL,426,82,1G,G,A
ABCDIJKL,426,77,1I,I,D
ABCDIJKL,426,87,1K,K,L
ABCDIJKL,426,80,1L,L,K
ABCEFGHI,425,79,1A,A,H
ABCEFGHI,425,85,1B,B,G
ABCEFGHI,425,81,1D,D,B
ABCEFGHI,425,74,1E,E,C
ABCEFGHI,425,82,1G,G,A
ABCEFGHI,425,77,1I,I,F
ABCEFGHI,425,87,1K,K,E
ABCEFGHI,425,80,1L,L,I
ABCEFGHJ,424,79,1A,A,H
ABCEFGHJ,424,85,1B,B,G
ABCEFGHJ,424,81,1D,D,B
ABCEFGHJ,424,74,1E,E,C
ABCEFGHJ,424,82,1G,G,A
ABCEFGHJ,424,77,1I,I,F
ABCEFGHJ,424,87,1K,K,E
ABCEFGHJ,424,80,1L,L,J
ABCEFGHK,423,79,1A,A,H
ABCEFGHK,423,85,1B,B,G
ABCEFGHK,423,81,1D,D,B
ABCEFGHK,423,74,1E,E,C
ABCEFGHK,423,82,1G,G,A
ABCEFGHK,423,77,1I,I,F
ABCEFGHK,423,87,1K,K,E
ABCEFGHK,423,80,1L,L,K
ABCEFGHL,422,79,1A,A,H
ABCEFGHL,422,85,1B,B,G
ABCEFGHL,422,81,1D,D,B
ABCEFGHL,422,74,1E,E,C
ABCEFGHL,422,82,1G,G,A
ABCEFGHL,422,77,1I,I,F
ABCEFGHL,422,87,1K,K,L
ABCEFGHL,422,80,1L,L,E
ABCEFGIJ,421,79,1A,A,E
ABCEFGIJ,421,85,1B,B,G
ABCEFGIJ,421,81,1D,D,B
ABCEFGIJ,421,74,1E,E,C
ABCEFGIJ,421,82,1G,G,A
ABCEFGIJ,421,77,1I,I,F
ABCEFGIJ,421,87,1K,K,I
ABCEFGIJ,421,80,1L,L,J
ABCEFGIK,420,79,1A,A,E
ABCEFGIK,420,85,1B,B,G
ABCEFGIK,420,81,1D,D,B
ABCEFGIK,420,74,1E,E,C
ABCEFGIK,420,82,1G,G,A
ABCEFGIK,420,77,1I,I,F
ABCEFGIK,420,87,1K,K,I
ABCEFGIK,420,80,1L,L,K
ABCEFGIL,419,79,1A,A,E
ABCEFGIL,419,85,1B,B,G
ABCEFGIL,419,81,1D,D,B
ABCEFGIL,419,74,1E,E,C
ABCEFGIL,419,82,1G,G,A
ABCEFGIL,419,77,1I,I,F
ABCEFGIL,419,87,1K,K,L
ABCEFGIL,419,80,1L,L,I
ABCEFGJK,418,79,1A,A,E
ABCEFGJK,418,85,1B,B,G
ABCEFGJK,418,81,1D,D,B
ABCEFGJK,418,74,1E,E,C
ABCEFGJK,418,82,1G,G,A
ABCEFGJK,418,77,1I,I,F
ABCEFGJK,418,87,1K,K,J
ABCEFGJK,418,80,1L,L,K
ABCEFGJL,417,79,1A,A,E
ABCEFGJL,417,85,1B,B,G
ABCEFGJL,417,81,1D,D,B
ABCEFGJL,417,74,1E,E,C
ABCEFGJL,417,82,1G,G,A
ABCEFGJL,417,77,1I,I,F
ABCEFGJL,417,87,1K,K,L
ABCEFGJL,417,80,1L,L,J
ABCEFGKL,416,79,1A,A,E
ABCEFGKL,416,85,1B,B,G
ABCEFGKL,416,81,1D,D,B
ABCEFGKL,416,74,1E,E,C
ABCEFGKL,416,82,1G,G,A
ABCEFGKL,416,77,1I,I,F
ABCEFGKL,416,87,1K,K,L
ABCEFGKL,416,80,1L,L,K
ABCEFHIJ,415,79,1A,A,H
ABCEFHIJ,415,85,1B,B,J
ABCEFHIJ,415,81,1D,D,B
ABCEFHIJ,415,74,1E,E,C
ABCEFHIJ,415,82,1G,G,A
ABCEFHIJ,415,77,1I,I,F
ABCEFHIJ,415,87,1K,K,E
ABCEFHIJ,415,80,1L,L,I
ABCEFHIK,414,79,1A,A,H
ABCEFHIK,414,85,1B,B,E
ABCEFHIK,414,81,1D,D,B
ABCEFHIK,414,74,1E,E,C
ABCEFHIK,414,82,1G,G,A
ABCEFHIK,414,77,1I,I,F
ABCEFHIK,414,87,1K,K,I
ABCEFHIK,414,80,1L,L,K
ABCEFHIL,413,79,1A,A,H
ABCEFHIL,413,85,1B,B,E
ABCEFHIL,413,81,1D,D,B
ABCEFHIL,413,74,1E,E,C
ABCEFHIL,413,82,1G,G,A
ABCEFHIL,413,77,1I,I,F
ABCEFHIL,413,87,1K,K,L
ABCEFHIL,413,80,1L,L,I
ABCEFHJK,412,79,1A,A,H
ABCEFHJK,412,85,1B,B,J
ABCEFHJK,412,81,1D,D,B
ABCEFHJK,412,74,1E,E,C
ABCEFHJK,412,82,1G,G,A
ABCEFHJK,412,77,1I,I,F
ABCEFHJK,412,87,1K,K,E
ABCEFHJK,412,80,1L,L,K
ABCEFHJL,411,79,1A,A,H
ABCEFHJL,411,85,1B,B,J
ABCEFHJL,411,81,1D,D,B
ABCEFHJL,411,74,1E,E,C
ABCEFHJL,411,82,1G,G,A
ABCEFHJL,411,77,1I,I,F
ABCEFHJL,411,87,1K,K,L
ABCEFHJL,411,80,1L,L,E
ABCEFHKL,410,79,1A,A,H
ABCEFHKL,410,85,1B,B,E
ABCEFHKL,410,81,1D,D,B
ABCEFHKL,410,74,1E,E,C
ABCEFHKL,410,82,1G,G,A
ABCEFHKL,410,77,1I,I,F
ABCEFHKL,410,87,1K,K,L
ABCEFHKL,410,80,1L,L,K
ABCEFIJK,409,79,1A,A,E
ABCEFIJK,409,85,1B,B,J
ABCEFIJK,409,81,1D,D,B
ABCEFIJK,409,74,1E,E,C
ABCEFIJK,409,82,1G,G,A
ABCEFIJK,409,77,1I,I,F
ABCEFIJK,409,87,1K,K,I
ABCEFIJK,409,80,1L,L,K
ABCEFIJL,408,79,1A,A,E
ABCEFIJL,408,85,1B,B,J
ABCEFIJL,408,81,1D,D,B
ABCEFIJL,408,74,1E,E,C
ABCEFIJL,408,82,1G,G,A
ABCEFIJL,408,77,1I,I,F
ABCEFIJL,408,87,1K,K,L
ABCEFIJL,408,80,1L,L,I
ABCEFIKL,407,79,1A,A,E
ABCEFIKL,407,85,1B,B,I
ABCEFIKL,407,81,1D,D,B
ABCEFIKL,407,74,1E,E,C
ABCEFIKL,407,82,1G,G,A
ABCEFIKL,407,77,1I,I,F
ABCEFIKL,407,87,1K,K,L
ABCEFIKL,407,80,1L,L,K
ABCEFJKL,406,79,1A,A,E
ABCEFJKL,406,85,1B,B,J
ABCEFJKL,406,81,1D,D,B
ABCEFJKL,406,74,1E,E,C
ABCEFJKL,406,82,1G,G,A
ABCEFJKL,406,77,1I,I,F
ABCEFJKL,406,87,1K,K,L
ABCEFJKL,406,80,1L,L,K
ABCEGHIJ,405,79,1A,A,H
ABCEGHIJ,405,85,1B,B,J
ABCEGHIJ,405,81,1D,D,B
ABCEGHIJ,405,74,1E,E,C
ABCEGHIJ,405,82,1G,G,A
ABCEGHIJ,405,77,1I,I,G
ABCEGHIJ,405,87,1K,K,E
ABCEGHIJ,405,80,1L,L,I
ABCEGHIK,404,79,1A,A,E
ABCEGHIK,404,85,1B,B,G
ABCEGHIK,404,81,1D,D,B
ABCEGHIK,404,74,1E,E,C
ABCEGHIK,404,82,1G,G,A
ABCEGHIK,404,77,1I,I,H
ABCEGHIK,404,87,1K,K,I
ABCEGHIK,404,80,1L,L,K
ABCEGHIL,403,79,1A,A,E
ABCEGHIL,403,85,1B,B,G
ABCEGHIL,403,81,1D,D,B
ABCEGHIL,403,74,1E,E,C
ABCEGHIL,403,82,1G,G,A
ABCEGHIL,403,77,1I,I,H
ABCEGHIL,403,87,1K,K,L
ABCEGHIL,403,80,1L,L,I
ABCEGHJK,402,79,1A,A,H
ABCEGHJK,402,85,1B,B,J
ABCEGHJK,402,81,1D,D,B
ABCEGHJK,402,74,1E,E,C
ABCEGHJK,402,82,1G,G,A
ABCEGHJK,402,77,1I,I,G
ABCEGHJK,402,87,1K,K,E
ABCEGHJK,402,80,1L,L,K
ABCEGHJL,401,79,1A,A,H
ABCEGHJL,401,85,1B,B,J
ABCEGHJL,401,81,1D,D,B
ABCEGHJL,401,74,1E,E,C
ABCEGHJL,401,82,1G,G,A
ABCEGHJL,401,77,1I,I,G
ABCEGHJL,401,87,1K,K,L
ABCEGHJL,401,80,1L,L,E
ABCEGHKL,400,79,1A,A,E
ABCEGHKL,400,85,1B,B,G
ABCEGHKL,400,81,1D,D,B
ABCEGHKL,400,74,1E,E,C
ABCEGHKL,400,82,1G,G,A
ABCEGHKL,400,77,1I,I,H
ABCEGHKL,400,87,1K,K,L
ABCEGHKL,400,80,1L,L,K
ABCEGIJK,399,79,1A,A,E
ABCEGIJK,399,85,1B,B,J
ABCEGIJK,399,81,1D,D,B
ABCEGIJK,399,74,1E,E,C
ABCEGIJK,399,82,1G,G,A
ABCEGIJK,399,77,1I,I,G
ABCEGIJK,399,87,1K,K,I
ABCEGIJK,399,80,1L,L,K
ABCEGIJL,398,79,1A,A,E
ABCEGIJL,398,85,1B,B,J
ABCEGIJL,398,81,1D,D,B
ABCEGIJL,398,74,1E,E,C
ABCEGIJL,398,82,1G,G,A
ABCEGIJL,398,77,1I,I,G
ABCEGIJL,398,87,1K,K,L
ABCEGIJL,398,80,1L,L,I
ABCEGIKL,397,79,1A,A,E
ABCEGIKL,397,85,1B,B,G
ABCEGIKL,397,81,1D,D,B
ABCEGIKL,397,74,1E,E,A
ABCEGIKL,397,82,1G,G,I
ABCEGIKL,397,77,1I,I,C
ABCEGIKL,397,87,1K,K,L
ABCEGIKL,397,80,1L,L,K
ABCEGJKL,396,79,1A,A,E
ABCEGJKL,396,85,1B,B,J
ABCEGJKL,396,81,1D,D,B
ABCEGJKL,396,74,1E,E,C
ABCEGJKL,396,82,1G,G,A
ABCEGJKL,396,77,1I,I,G
ABCEGJKL,396,87,1K,K,L
ABCEGJKL,396,80,1L,L,K
ABCEHIJK,395,79,1A,A,E
ABCEHIJK,395,85,1B,B,J
ABCEHIJK,395,81,1D,D,B
ABCEHIJK,395,74,1E,E,C
ABCEHIJK,395,82,1G,G,A
ABCEHIJK,395,77,1I,I,H
ABCEHIJK,395,87,1K,K,I
ABCEHIJK,395,80,1L,L,K
ABCEHIJL,394,79,1A,A,E
ABCEHIJL,394,85,1B,B,J
ABCEHIJL,394,81,1D,D,B
ABCEHIJL,394,74,1E,E,C
ABCEHIJL,394,82,1G,G,A
ABCEHIJL,394,77,1I,I,H
ABCEHIJL,394,87,1K,K,L
ABCEHIJL,394,80,1L,L,I
ABCEHIKL,393,79,1A,A,E
ABCEHIKL,393,85,1B,B,I
ABCEHIKL,393,81,1D,D,B
ABCEHIKL,393,74,1E,E,C
ABCEHIKL,393,82,1G,G,A
ABCEHIKL,393,77,1I,I,H
ABCEHIKL,393,87,1K,K,L
ABCEHIKL,393,80,1L,L,K
ABCEHJKL,392,79,1A,A,E
ABCEHJKL,392,85,1B,B,J
ABCEHJKL,392,81,1D,D,B
ABCEHJKL,392,74,1E,E,C
ABCEHJKL,392,82,1G,G,A
ABCEHJKL,392,77,1I,I,H
ABCEHJKL,392,87,1K,K,L
ABCEHJKL,392,80,1L,L,K
ABCEIJKL,391,79,1A,A,E
ABCEIJKL,391,85,1B,B,J
ABCEIJKL,391,81,1D,D,B
ABCEIJKL,391,74,1E,E,A
ABCEIJKL,391,82,1G,G,I
ABCEIJKL,391,77,1I,I,C
ABCEIJKL,391,87,1K,K,L
ABCEIJKL,391,80,1L,L,K
ABCFGHIJ,390,79,1A,A,H
ABCFGHIJ,390,85,1B,B,G
ABCFGHIJ,390,81,1D,D,B
ABCFGHIJ,390,74,1E,E,C
ABCFGHIJ,390,82,1G,G,A
ABCFGHIJ,390,77,1I,I,F
ABCFGHIJ,390,87,1K,K,I
ABCFGHIJ,390,80,1L,L,J
ABCFGHIK,389,79,1A,A,H
ABCFGHIK,389,85,1B,B,G
ABCFGHIK,389,81,1D,D,B
ABCFGHIK,389,74,1E,E,C
ABCFGHIK,389,82,1G,G,A
ABCFGHIK,389,77,1I,I,F
ABCFGHIK,389,87,1K,K,I
ABCFGHIK,389,80,1L,L,K
ABCFGHIL,388,79,1A,A,H
ABCFGHIL,388,85,1B,B,G
ABCFGHIL,388,81,1D,D,B
ABCFGHIL,388,74,1E,E,C
ABCFGHIL,388,82,1G,G,A
ABCFGHIL,388,77,1I,I,F
ABCFGHIL,388,87,1K,K,L
ABCFGHIL,388,80,1L,L,I
ABCFGHJK,387,79,1A,A,H
ABCFGHJK,387,85,1B,B,G
ABCFGHJK,387,81,1D,D,B
ABCFGHJK,387,74,1E,E,C
ABCFGHJK,387,82,1G,G,A
ABCFGHJK,387,77,1I,I,F
ABCFGHJK,387,87,1K,K,J
ABCFGHJK,387,80,1L,L,K
ABCFGHJL,386,79,1A,A,H
ABCFGHJL,386,85,1B,B,G
ABCFGHJL,386,81,1D,D,B
ABCFGHJL,386,74,1E,E,C
ABCFGHJL,386,82,1G,G,A
ABCFGHJL,386,77,1I,I,F
ABCFGHJL,386,87,1K,K,L
ABCFGHJL,386,80,1L,L,J
ABCFGHKL,385,79,1A,A,H
ABCFGHKL,385,85,1B,B,G
ABCFGHKL,385,81,1D,D,B
ABCFGHKL,385,74,1E,E,C
ABCFGHKL,385,82,1G,G,A
ABCFGHKL,385,77,1I,I,F
ABCFGHKL,385,87,1K,K,L
ABCFGHKL,385,80,1L,L,K
ABCFGIJK,384,79,1A,A,C
ABCFGIJK,384,85,1B,B,J
ABCFGIJK,384,81,1D,D,B
ABCFGIJK,384,74,1E,E,F
ABCFGIJK,384,82,1G,G,A
ABCFGIJK,384,77,1I,I,G
ABCFGIJK,384,87,1K,K,I
ABCFGIJK,384,80,1L,L,K
ABCFGIJL,383,79,1A,A,C
ABCFGIJL,383,85,1B,B,J
ABCFGIJL,383,81,1D,D,B
ABCFGIJL,383,74,1E,E,F
ABCFGIJL,383,82,1G,G,A
ABCFGIJL,383,77,1I,I,G
ABCFGIJL,383,87,1K,K,L
ABCFGIJL,383,80,1L,L,I
ABCFGIKL,382,79,1A,A,I
ABCFGIKL,382,85,1B,B,G
ABCFGIKL,382,81,1D,D,B
ABCFGIKL,382,74,1E,E,C
ABCFGIKL,382,82,1G,G,A
ABCFGIKL,382,77,1I,I,F
ABCFGIKL,382,87,1K,K,L
ABCFGIKL,382,80,1L,L,K
ABCFGJKL,381,79,1A,A,C
ABCFGJKL,381,85,1B,B,J
ABCFGJKL,381,81,1D,D,B
ABCFGJKL,381,74,1E,E,F
ABCFGJKL,381,82,1G,G,A
ABCFGJKL,381,77,1I,I,G
ABCFGJKL,381,87,1K,K,L
ABCFGJKL,381,80,1L,L,K
ABCFHIJK,380,79,1A,A,H
ABCFHIJK,380,85,1B,B,J
ABCFHIJK,380,81,1D,D,B
ABCFHIJK,380,74,1E,E,C
ABCFHIJK,380,82,1G,G,A
ABCFHIJK,380,77,1I,I,F
ABCFHIJK,380,87,1K,K,I
ABCFHIJK,380,80,1L,L,K
ABCFHIJL,379,79,1A,A,H
ABCFHIJL,379,85,1B,B,J
ABCFHIJL,379,81,1D,D,B
ABCFHIJL,379,74,1E,E,C
ABCFHIJL,379,82,1G,G,A
ABCFHIJL,379,77,1I,I,F
ABCFHIJL,379,87,1K,K,L
ABCFHIJL,379,80,1L,L,I
ABCFHIKL,378,79,1A,A,H
ABCFHIKL,378,85,1B,B,I
ABCFHIKL,378,81,1D,D,B
ABCFHIKL,378,74,1E,E,C
ABCFHIKL,378,82,1G,G,A
ABCFHIKL,378,77,1I,I,F
ABCFHIKL,378,87,1K,K,L
ABCFHIKL,378,80,1L,L,K
ABCFHJKL,377,79,1A,A,H
ABCFHJKL,377,85,1B,B,J
ABCFHJKL,377,81,1D,D,B
ABCFHJKL,377,74,1E,E,C
ABCFHJKL,377,82,1G,G,A
ABCFHJKL,377,77,1I,I,F
ABCFHJKL,377,87,1K,K,L
ABCFHJKL,377,80,1L,L,K
ABCFIJKL,376,79,1A,A,I
ABCFIJKL,376,85,1B,B,J
ABCFIJKL,376,81,1D,D,B
ABCFIJKL,376,74,1E,E,C
ABCFIJKL,376,82,1G,G,A
ABCFIJKL,376,77,1I,I,F
ABCFIJKL,376,87,1K,K,L
ABCFIJKL,376,80,1L,L,K
ABCGHIJK,375,79,1A,A,H
ABCGHIJK,375,85,1B,B,J
ABCGHIJK,375,81,1D,D,B
ABCGHIJK,375,74,1E,E,C
ABCGHIJK,375,82,1G,G,A
ABCGHIJK,375,77,1I,I,G
ABCGHIJK,375,87,1K,K,I
ABCGHIJK,375,80,1L,L,K
ABCGHIJL,374,79,1A,A,H
ABCGHIJL,374,85,1B,B,J
ABCGHIJL,374,81,1D,D,B
ABCGHIJL,374,74,1E,E,C
ABCGHIJL,374,82,1G,G,A
ABCGHIJL,374,77,1I,I,G
ABCGHIJL,374,87,1K,K,L
ABCGHIJL,374,80,1L,L,I
ABCGHIKL,373,79,1A,A,I
ABCGHIKL,373,85,1B,B,G
ABCGHIKL,373,81,1D,D,B
ABCGHIKL,373,74,1E,E,C
ABCGHIKL,373,82,1G,G,A
ABCGHIKL,373,77,1I,I,H
ABCGHIKL,373,87,1K,K,L
ABCGHIKL,373,80,1L,L,K
ABCGHJKL,372,79,1A,A,H
ABCGHJKL,372,85,1B,B,J
ABCGHJKL,372,81,1D,D,B
ABCGHJKL,372,74,1E,E,C
ABCGHJKL,372,82,1G,G,A
ABCGHJKL,372,77,1I,I,G
ABCGHJKL,372,87,1K,K,L
ABCGHJKL,372,80,1L,L,K
ABCGIJKL,371,79,1A,A,I
ABCGIJKL,371,85,1B,B,J
ABCGIJKL,371,81,1D,D,B
ABCGIJKL,371,74,1E,E,C
ABCGIJKL,371,82,1G,G,A
ABCGIJKL,371,77,1I,I,G
ABCGIJKL,371,87,1K,K,L
ABCGIJKL,371,80,1L,L,K
ABCHIJKL,370,79,1A,A,I
ABCHIJKL,370,85,1B,B,J
ABCHIJKL,370,81,1D,D,B
ABCHIJKL,370,74,1E,E,C
ABCHIJKL,370,82,1G,G,A
ABCHIJKL,370,77,1I,I,H
ABCHIJKL,370,87,1K,K,L
ABCHIJKL,370,80,1L,L,K
ABDEFGHI,369,79,1A,A,H
ABDEFGHI,369,85,1B,B,G
ABDEFGHI,369,81,1D,D,B
ABDEFGHI,369,74,1E,E,D
ABDEFGHI,369,82,1G,G,A
ABDEFGHI,369,77,1I,I,F
ABDEFGHI,369,87,1K,K,E
ABDEFGHI,369,80,1L,L,I
ABDEFGHJ,368,79,1A,A,H
ABDEFGHJ,368,85,1B,B,G
ABDEFGHJ,368,81,1D,D,B
ABDEFGHJ,368,74,1E,E,D
ABDEFGHJ,368,82,1G,G,A
ABDEFGHJ,368,77,1I,I,F
ABDEFGHJ,368,87,1K,K,E
ABDEFGHJ,368,80,1L,L,J
ABDEFGHK,367,79,1A,A,H
ABDEFGHK,367,85,1B,B,G
ABDEFGHK,367,81,1D,D,B
ABDEFGHK,367,74,1E,E,D
ABDEFGHK,367,82,1G,G,A
ABDEFGHK,367,77,1I,I,F
ABDEFGHK,367,87,1K,K,E
ABDEFGHK,367,80,1L,L,K
ABDEFGHL,366,79,1A,A,H
ABDEFGHL,366,85,1B,B,G
ABDEFGHL,366,81,1D,D,B
ABDEFGHL,366,74,1E,E,D
ABDEFGHL,366,82,1G,G,A
ABDEFGHL,366,77,1I,I,F
ABDEFGHL,366,87,1K,K,L
ABDEFGHL,366,80,1L,L,E
ABDEFGIJ,365,79,1A,A,E
ABDEFGIJ,365,85,1B,B,G
ABDEFGIJ,365,81,1D,D,B
ABDEFGIJ,365,74,1E,E,D
ABDEFGIJ,365,82,1G,G,A
ABDEFGIJ,365,77,1I,I,F
ABDEFGIJ,365,87,1K,K,I
ABDEFGIJ,365,80,1L,L,J
ABDEFGIK,364,79,1A,A,E
ABDEFGIK,364,85,1B,B,G
ABDEFGIK,364,81,1D,D,B
ABDEFGIK,364,74,1E,E,D
ABDEFGIK,364,82,1G,G,A
ABDEFGIK,364,77,1I,I,F
ABDEFGIK,364,87,1K,K,I
ABDEFGIK,364,80,1L,L,K
ABDEFGIL,363,79,1A,A,E
ABDEFGIL,363,85,1B,B,G
ABDEFGIL,363,81,1D,D,B
ABDEFGIL,363,74,1E,E,D
ABDEFGIL,363,82,1G,G,A
ABDEFGIL,363,77,1I,I,F
ABDEFGIL,363,87,1K,K,L
ABDEFGIL,363,80,1L,L,I
ABDEFGJK,362,79,1A,A,E
ABDEFGJK,362,85,1B,B,G
ABDEFGJK,362,81,1D,D,B
ABDEFGJK,362,74,1E,E,D
ABDEFGJK,362,82,1G,G,A
ABDEFGJK,362,77,1I,I,F
ABDEFGJK,362,87,1K,K,J
ABDEFGJK,362,80,1L,L,K
ABDEFGJL,361,79,1A,A,E
ABDEFGJL,361,85,1B,B,G
ABDEFGJL,361,81,1D,D,B
ABDEFGJL,361,74,1E,E,D
ABDEFGJL,361,82,1G,G,A
ABDEFGJL,361,77,1I,I,F
ABDEFGJL,361,87,1K,K,L
ABDEFGJL,361,80,1L,L,J
ABDEFGKL,360,79,1A,A,E
ABDEFGKL,360,85,1B,B,G
ABDEFGKL,360,81,1D,D,B
ABDEFGKL,360,74,1E,E,D
ABDEFGKL,360,82,1G,G,A
ABDEFGKL,360,77,1I,I,F
ABDEFGKL,360,87,1K,K,L
ABDEFGKL,360,80,1L,L,K
ABDEFHIJ,359,79,1A,A,H
ABDEFHIJ,359,85,1B,B,J
ABDEFHIJ,359,81,1D,D,B
ABDEFHIJ,359,74,1E,E,D
ABDEFHIJ,359,82,1G,G,A
ABDEFHIJ,359,77,1I,I,F
ABDEFHIJ,359,87,1K,K,E
ABDEFHIJ,359,80,1L,L,I
ABDEFHIK,358,79,1A,A,H
ABDEFHIK,358,85,1B,B,E
ABDEFHIK,358,81,1D,D,B
ABDEFHIK,358,74,1E,E,D
ABDEFHIK,358,82,1G,G,A
ABDEFHIK,358,77,1I,I,F
ABDEFHIK,358,87,1K,K,I
ABDEFHIK,358,80,1L,L,K
ABDEFHIL,357,79,1A,A,H
ABDEFHIL,357,85,1B,B,E
ABDEFHIL,357,81,1D,D,B
ABDEFHIL,357,74,1E,E,D
ABDEFHIL,357,82,1G,G,A
ABDEFHIL,357,77,1I,I,F
ABDEFHIL,357,87,1K,K,L
ABDEFHIL,357,80,1L,L,I
ABDEFHJK,356,79,1A,A,H
ABDEFHJK,356,85,1B,B,J
ABDEFHJK,356,81,1D,D,B
ABDEFHJK,356,74,1E,E,D
ABDEFHJK,356,82,1G,G,A
ABDEFHJK,356,77,1I,I,F
ABDEFHJK,356,87,1K,K,E
ABDEFHJK,356,80,1L,L,K
ABDEFHJL,355,79,1A,A,H
ABDEFHJL,355,85,1B,B,J
ABDEFHJL,355,81,1D,D,B
ABDEFHJL,355,74,1E,E,D
ABDEFHJL,355,82,1G,G,A
ABDEFHJL,355,77,1I,I,F
ABDEFHJL,355,87,1K,K,L
ABDEFHJL,355,80,1L,L,E
ABDEFHKL,354,79,1A,A,H
ABDEFHKL,354,85,1B,B,E
ABDEFHKL,354,81,1D,D,B
ABDEFHKL,354,74,1E,E,D
ABDEFHKL,354,82,1G,G,A
ABDEFHKL,354,77,1I,I,F
ABDEFHKL,354,87,1K,K,L
ABDEFHKL,354,80,1L,L,K
ABDEFIJK,353,79,1A,A,E
ABDEFIJK,353,85,1B,B,J
ABDEFIJK,353,81,1D,D,B
ABDEFIJK,353,74,1E,E,D
ABDEFIJK,353,82,1G,G,A
ABDEFIJK,353,77,1I,I,F
ABDEFIJK,353,87,1K,K,I
ABDEFIJK,353,80,1L,L,K
ABDEFIJL,352,79,1A,A,E
ABDEFIJL,352,85,1B,B,J
ABDEFIJL,352,81,1D,D,B
ABDEFIJL,352,74,1E,E,D
ABDEFIJL,352,82,1G,G,A
ABDEFIJL,352,77,1I,I,F
ABDEFIJL,352,87,1K,K,L
ABDEFIJL,352,80,1L,L,I
ABDEFIKL,351,79,1A,A,E
ABDEFIKL,351,85,1B,B,I
ABDEFIKL,351,81,1D,D,B
ABDEFIKL,351,74,1E,E,D
ABDEFIKL,351,82,1G,G,A
ABDEFIKL,351,77,1I,I,F
ABDEFIKL,351,87,1K,K,L
ABDEFIKL,351,80,1L,L,K
ABDEFJKL,350,79,1A,A,E
ABDEFJKL,350,85,1B,B,J
ABDEFJKL,350,81,1D,D,B
ABDEFJKL,350,74,1E,E,D
ABDEFJKL,350,82,1G,G,A
ABDEFJKL,350,77,1I,I,F
ABDEFJKL,350,87,1K,K,L
ABDEFJKL,350,80,1L,L,K
ABDEGHIJ,349,79,1A,A,H
ABDEGHIJ,349,85,1B,B,J
ABDEGHIJ,349,81,1D,D,B
ABDEGHIJ,349,74,1E,E,D
ABDEGHIJ,349,82,1G,G,A
ABDEGHIJ,349,77,1I,I,G
ABDEGHIJ,349,87,1K,K,E
ABDEGHIJ,349,80,1L,L,I
ABDEGHIK,348,79,1A,A,E
ABDEGHIK,348,85,1B,B,G
ABDEGHIK,348,81,1D,D,B
ABDEGHIK,348,74,1E,E,D
ABDEGHIK,348,82,1G,G,A
ABDEGHIK,348,77,1I,I,H
ABDEGHIK,348,87,1K,K,I
ABDEGHIK,348,80,1L,L,K
ABDEGHIL,347,79,1A,A,E
ABDEGHIL,347,85,1B,B,G
ABDEGHIL,347,81,1D,D,B
ABDEGHIL,347,74,1E,E,D
ABDEGHIL,347,82,1G,G,A
ABDEGHIL,347,77,1I,I,H
ABDEGHIL,347,87,1K,K,L
ABDEGHIL,347,80,1L,L,I
ABDEGHJK,346,79,1A,A,H
ABDEGHJK,346,85,1B,B,J
ABDEGHJK,346,81,1D,D,B
ABDEGHJK,346,74,1E,E,D
ABDEGHJK,346,82,1G,G,A
ABDEGHJK,346,77,1I,I,G
ABDEGHJK,346,87,1K,K,E
ABDEGHJK,346,80,1L,L,K
ABDEGHJL,345,79,1A,A,H
ABDEGHJL,345,85,1B,B,J
ABDEGHJL,345,81,1D,D,B
ABDEGHJL,345,74,1E,E,D
ABDEGHJL,345,82,1G,G,A
ABDEGHJL,345,77,1I,I,G
ABDEGHJL,345,87,1K,K,L
ABDEGHJL,345,80,1L,L,E
ABDEGHKL,344,79,1A,A,E
ABDEGHKL,344,85,1B,B,G
ABDEGHKL,344,81,1D,D,B
ABDEGHKL,344,74,1E,E,D
ABDEGHKL,344,82,1G,G,A
ABDEGHKL,344,77,1I,I,H
ABDEGHKL,344,87,1K,K,L
ABDEGHKL,344,80,1L,L,K
ABDEGIJK,343,79,1A,A,E
ABDEGIJK,343,85,1B,B,J
ABDEGIJK,343,81,1D,D,B
ABDEGIJK,343,74,1E,E,D
ABDEGIJK,343,82,1G,G,A
ABDEGIJK,343,77,1I,I,G
ABDEGIJK,343,87,1K,K,I
ABDEGIJK,343,80,1L,L,K
ABDEGIJL,342,79,1A,A,E
ABDEGIJL,342,85,1B,B,J
ABDEGIJL,342,81,1D,D,B
ABDEGIJL,342,74,1E,E,D
ABDEGIJL,342,82,1G,G,A
ABDEGIJL,342,77,1I,I,G
ABDEGIJL,342,87,1K,K,L
ABDEGIJL,342,80,1L,L,I
ABDEGIKL,341,79,1A,A,E
ABDEGIKL,341,85,1B,B,G
ABDEGIKL,341,81,1D,D,B
ABDEGIKL,341,74,1E,E,A
ABDEGIKL,341,82,1G,G,I
ABDEGIKL,341,77,1I,I,D
ABDEGIKL,341,87,1K,K,L
ABDEGIKL,341,80,1L,L,K
ABDEGJKL,340,79,1A,A,E
ABDEGJKL,340,85,1B,B,J
ABDEGJKL,340,81,1D,D,B
ABDEGJKL,340,74,1E,E,D
ABDEGJKL,340,82,1G,G,A
ABDEGJKL,340,77,1I,I,G
ABDEGJKL,340,87,1K,K,L
ABDEGJKL,340,80,1L,L,K
ABDEHIJK,339,79,1A,A,E
ABDEHIJK,339,85,1B,B,J
ABDEHIJK,339,81,1D,D,B
ABDEHIJK,339,74,1E,E,D
ABDEHIJK,339,82,1G,G,A
ABDEHIJK,339,77,1I,I,H
ABDEHIJK,339,87,1K,K,I
ABDEHIJK,339,80,1L,L,K
ABDEHIJL,338,79,1A,A,E
ABDEHIJL,338,85,1B,B,J
ABDEHIJL,338,81,1D,D,B
ABDEHIJL,338,74,1E,E,D
ABDEHIJL,338,82,1G,G,A
ABDEHIJL,338,77,1I,I,H
ABDEHIJL,338,87,1K,K,L
ABDEHIJL,338,80,1L,L,I
ABDEHIKL,337,79,1A,A,E
ABDEHIKL,337,85,1B,B,I
ABDEHIKL,337,81,1D,D,B
ABDEHIKL,337,74,1E,E,D
ABDEHIKL,337,82,1G,G,A
ABDEHIKL,337,77,1I,I,H
ABDEHIKL,337,87,1K,K,L
ABDEHIKL,337,80,1L,L,K
ABDEHJKL,336,79,1A,A,E
ABDEHJKL,336,85,1B,B,J
ABDEHJKL,336,81,1D,D,B
ABDEHJKL,336,74,1E,E,D
ABDEHJKL,336,82,1G,G,A
ABDEHJKL,336,77,1I,I,H
ABDEHJKL,336,87,1K,K,L
ABDEHJKL,336,80,1L,L,K
ABDEIJKL,335,79,1A,A,E
ABDEIJKL,335,85,1B,B,J
ABDEIJKL,335,81,1D,D,B
ABDEIJKL,335,74,1E,E,A
ABDEIJKL,335,82,1G,G,I
ABDEIJKL,335,77,1I,I,D
ABDEIJKL,335,87,1K,K,L
ABDEIJKL,335,80,1L,L,K
ABDFGHIJ,334,79,1A,A,H
ABDFGHIJ,334,85,1B,B,G
ABDFGHIJ,334,81,1D,D,B
ABDFGHIJ,334,74,1E,E,D
ABDFGHIJ,334,82,1G,G,A
ABDFGHIJ,334,77,1I,I,F
ABDFGHIJ,334,87,1K,K,I
ABDFGHIJ,334,80,1L,L,J
ABDFGHIK,333,79,1A,A,H
ABDFGHIK,333,85,1B,B,G
ABDFGHIK,333,81,1D,D,B
ABDFGHIK,333,74,1E,E,D
ABDFGHIK,333,82,1G,G,A
ABDFGHIK,333,77,1I,I,F
ABDFGHIK,333,87,1K,K,I
ABDFGHIK,333,80,1L,L,K
ABDFGHIL,332,79,1A,A,H
ABDFGHIL,332,85,1B,B,G
ABDFGHIL,332,81,1D,D,B
ABDFGHIL,332,74,1E,E,D
ABDFGHIL,332,82,1G,G,A
ABDFGHIL,332,77,1I,I,F
ABDFGHIL,332,87,1K,K,L
ABDFGHIL,332,80,1L,L,I
ABDFGHJK,331,79,1A,A,H
ABDFGHJK,331,85,1B,B,G
ABDFGHJK,331,81,1D,D,B
ABDFGHJK,331,74,1E,E,D
ABDFGHJK,331,82,1G,G,A
ABDFGHJK,331,77,1I,I,F
ABDFGHJK,331,87,1K,K,J
ABDFGHJK,331,80,1L,L,K
ABDFGHJL,330,79,1A,A,H
ABDFGHJL,330,85,1B,B,G
ABDFGHJL,330,81,1D,D,B
ABDFGHJL,330,74,1E,E,D
ABDFGHJL,330,82,1G,G,A
ABDFGHJL,330,77,1I,I,F
ABDFGHJL,330,87,1K,K,L
ABDFGHJL,330,80,1L,L,J
ABDFGHKL,329,79,1A,A,H
ABDFGHKL,329,85,1B,B,G
ABDFGHKL,329,81,1D,D,B
ABDFGHKL,329,74,1E,E,D
ABDFGHKL,329,82,1G,G,A
ABDFGHKL,329,77,1I,I,F
ABDFGHKL,329,87,1K,K,L
ABDFGHKL,329,80,1L,L,K
ABDFGIJK,328,79,1A,A,F
ABDFGIJK,328,85,1B,B,J
ABDFGIJK,328,81,1D,D,B
ABDFGIJK,328,74,1E,E,D
ABDFGIJK,328,82,1G,G,A
ABDFGIJK,328,77,1I,I,G
ABDFGIJK,328,87,1K,K,I
ABDFGIJK,328,80,1L,L,K
ABDFGIJL,327,79,1A,A,F
ABDFGIJL,327,85,1B,B,J
ABDFGIJL,327,81,1D,D,B
ABDFGIJL,327,74,1E,E,D
ABDFGIJL,327,82,1G,G,A
ABDFGIJL,327,77,1I,I,G
ABDFGIJL,327,87,1K,K,L
ABDFGIJL,327,80,1L,L,I
ABDFGIKL,326,79,1A,A,I
ABDFGIKL,326,85,1B,B,G
ABDFGIKL,326,81,1D,D,B
ABDFGIKL,326,74,1E,E,D
ABDFGIKL,326,82,1G,G,A
ABDFGIKL,326,77,1I,I,F
ABDFGIKL,326,87,1K,K,L
ABDFGIKL,326,80,1L,L,K
ABDFGJKL,325,79,1A,A,F
ABDFGJKL,325,85,1B,B,J
ABDFGJKL,325,81,1D,D,B
ABDFGJKL,325,74,1E,E,D
ABDFGJKL,325,82,1G,G,A
ABDFGJKL,325,77,1I,I,G
ABDFGJKL,325,87,1K,K,L
ABDFGJKL,325,80,1L,L,K
ABDFHIJK,324,79,1A,A,H
ABDFHIJK,324,85,1B,B,J
ABDFHIJK,324,81,1D,D,B
ABDFHIJK,324,74,1E,E,D
ABDFHIJK,324,82,1G,G,A
ABDFHIJK,324,77,1I,I,F
ABDFHIJK,324,87,1K,K,I
ABDFHIJK,324,80,1L,L,K
ABDFHIJL,323,79,1A,A,H
ABDFHIJL,323,85,1B,B,J
ABDFHIJL,323,81,1D,D,B
ABDFHIJL,323,74,1E,E,D
ABDFHIJL,323,82,1G,G,A
ABDFHIJL,323,77,1I,I,F
ABDFHIJL,323,87,1K,K,L
ABDFHIJL,323,80,1L,L,I
ABDFHIKL,322,79,1A,A,H
ABDFHIKL,322,85,1B,B,I
ABDFHIKL,322,81,1D,D,B
ABDFHIKL,322,74,1E,E,D
ABDFHIKL,322,82,1G,G,A
ABDFHIKL,322,77,1I,I,F
ABDFHIKL,322,87,1K,K,L
ABDFHIKL,322,80,1L,L,K
ABDFHJKL,321,79,1A,A,H
ABDFHJKL,321,85,1B,B,J
ABDFHJKL,321,81,1D,D,B
ABDFHJKL,321,74,1E,E,D
ABDFHJKL,321,82,1G,G,A
ABDFHJKL,321,77,1I,I,F
ABDFHJKL,321,87,1K,K,L
ABDFHJKL,321,80,1L,L,K
ABDFIJKL,320,79,1A,A,I
ABDFIJKL,320,85,1B,B,J
ABDFIJKL,320,81,1D,D,B
ABDFIJKL,320,74,1E,E,D
ABDFIJKL,320,82,1G,G,A
ABDFIJKL,320,77,1I,I,F
ABDFIJKL,320,87,1K,K,L
ABDFIJKL,320,80,1L,L,K
ABDGHIJK,319,79,1A,A,H
ABDGHIJK,319,85,1B,B,J
ABDGHIJK,319,81,1D,D,B
ABDGHIJK,319,74,1E,E,D
ABDGHIJK,319,82,1G,G,A
ABDGHIJK,319,77,1I,I,G
ABDGHIJK,319,87,1K,K,I
ABDGHIJK,319,80,1L,L,K
ABDGHIJL,318,79,1A,A,H
ABDGHIJL,318,85,1B,B,J
ABDGHIJL,318,81,1D,D,B
ABDGHIJL,318,74,1E,E,D
ABDGHIJL,318,82,1G,G,A
ABDGHIJL,318,77,1I,I,G
ABDGHIJL,318,87,1K,K,L
ABDGHIJL,318,80,1L,L,I
ABDGHIKL,317,79,1A,A,I
ABDGHIKL,317,85,1B,B,G
ABDGHIKL,317,81,1D,D,B
ABDGHIKL,317,74,1E,E,D
ABDGHIKL,317,82,1G,G,A
ABDGHIKL,317,77,1I,I,H
ABDGHIKL,317,87,1K,K,L
ABDGHIKL,317,80,1L,L,K
ABDGHJKL,316,79,1A,A,H
ABDGHJKL,316,85,1B,B,J
ABDGHJKL,316,81,1D,D,B
ABDGHJKL,316,74,1E,E,D
ABDGHJKL,316,82,1G,G,A
ABDGHJKL,316,77,1I,I,G
ABDGHJKL,316,87,1K,K,L
ABDGHJKL,316,80,1L,L,K
ABDGIJKL,315,79,1A,A,I
ABDGIJKL,315,85,1B,B,J
ABDGIJKL,315,81,1D,D,B
ABDGIJKL,315,74,1E,E,D
ABDGIJKL,315,82,1G,G,A
ABDGIJKL,315,77,1I,I,G
ABDGIJKL,315,87,1K,K,L
ABDGIJKL,315,80,1L,L,K
ABDHIJKL,314,79,1A,A,I
ABDHIJKL,314,85,1B,B,J
ABDHIJKL,314,81,1D,D,B
ABDHIJKL,314,74,1E,E,D
ABDHIJKL,314,82,1G,G,A
ABDHIJKL,314,77,1I,I,H
ABDHIJKL,314,87,1K,K,L
ABDHIJKL,314,80,1L,L,K
ABEFGHIJ,313,79,1A,A,H
ABEFGHIJ,313,85,1B,B,J
ABEFGHIJ,313,81,1D,D,B
ABEFGHIJ,313,74,1E,E,F
ABEFGHIJ,313,82,1G,G,A
ABEFGHIJ,313,77,1I,I,G
ABEFGHIJ,313,87,1K,K,E
ABEFGHIJ,313,80,1L,L,I
ABEFGHIK,312,79,1A,A,E
ABEFGHIK,312,85,1B,B,G
ABEFGHIK,312,81,1D,D,B
ABEFGHIK,312,74,1E,E,F
ABEFGHIK,312,82,1G,G,A
ABEFGHIK,312,77,1I,I,H
ABEFGHIK,312,87,1K,K,I
ABEFGHIK,312,80,1L,L,K
ABEFGHIL,311,79,1A,A,E
ABEFGHIL,311,85,1B,B,G
ABEFGHIL,311,81,1D,D,B
ABEFGHIL,311,74,1E,E,F
ABEFGHIL,311,82,1G,G,A
ABEFGHIL,311,77,1I,I,H
ABEFGHIL,311,87,1K,K,L
ABEFGHIL,311,80,1L,L,I
ABEFGHJK,310,79,1A,A,H
ABEFGHJK,310,85,1B,B,J
ABEFGHJK,310,81,1D,D,B
ABEFGHJK,310,74,1E,E,F
ABEFGHJK,310,82,1G,G,A
ABEFGHJK,310,77,1I,I,G
ABEFGHJK,310,87,1K,K,E
ABEFGHJK,310,80,1L,L,K
ABEFGHJL,309,79,1A,A,H
ABEFGHJL,309,85,1B,B,J
ABEFGHJL,309,81,1D,D,B
ABEFGHJL,309,74,1E,E,F
ABEFGHJL,309,82,1G,G,A
ABEFGHJL,309,77,1I,I,G
ABEFGHJL,309,87,1K,K,L
ABEFGHJL,309,80,1L,L,E
ABEFGHKL,308,79,1A,A,E
ABEFGHKL,308,85,1B,B,G
ABEFGHKL,308,81,1D,D,B
ABEFGHKL,308,74,1E,E,F
ABEFGHKL,308,82,1G,G,A
ABEFGHKL,308,77,1I,I,H
ABEFGHKL,308,87,1K,K,L
ABEFGHKL,308,80,1L,L,K
ABEFGIJK,307,79,1A,A,E
ABEFGIJK,307,85,1B,B,J
ABEFGIJK,307,81,1D,D,B
ABEFGIJK,307,74,1E,E,F
ABEFGIJK,307,82,1G,G,A
ABEFGIJK,307,77,1I,I,G
ABEFGIJK,307,87,1K,K,I
ABEFGIJK,307,80,1L,L,K
ABEFGIJL,306,79,1A,A,E
ABEFGIJL,306,85,1B,B,J
ABEFGIJL,306,81,1D,D,B
ABEFGIJL,306,74,1E,E,F
ABEFGIJL,306,82,1G,G,A
ABEFGIJL,306,77,1I,I,G
ABEFGIJL,306,87,1K,K,L
ABEFGIJL,306,80,1L,L,I
ABEFGIKL,305,79,1A,A,E
ABEFGIKL,305,85,1B,B,G
ABEFGIKL,305,81,1D,D,B
ABEFGIKL,305,74,1E,E,A
ABEFGIKL,305,82,1G,G,I
ABEFGIKL,305,77,1I,I,F
ABEFGIKL,305,87,1K,K,L
ABEFGIKL,305,80,1L,L,K
ABEFGJKL,304,79,1A,A,E
ABEFGJKL,304,85,1B,B,J
ABEFGJKL,304,81,1D,D,B
ABEFGJKL,304,74,1E,E,F
ABEFGJKL,304,82,1G,G,A
ABEFGJKL,304,77,1I,I,G
ABEFGJKL,304,87,1K,K,L
ABEFGJKL,304,80,1L,L,K
ABEFHIJK,303,79,1A,A,E
ABEFHIJK,303,85,1B,B,J
ABEFHIJK,303,81,1D,D,B
ABEFHIJK,303,74,1E,E,F
ABEFHIJK,303,82,1G,G,A
ABEFHIJK,303,77,1I,I,H
ABEFHIJK,303,87,1K,K,I
ABEFHIJK,303,80,1L,L,K
ABEFHIJL,302,79,1A,A,E
ABEFHIJL,302,85,1B,B,J
ABEFHIJL,302,81,1D,D,B
ABEFHIJL,302,74,1E,E,F
ABEFHIJL,302,82,1G,G,A
ABEFHIJL,302,77,1I,I,H
ABEFHIJL,302,87,1K,K,L
ABEFHIJL,302,80,1L,L,I
ABEFHIKL,301,79,1A,A,E
ABEFHIKL,301,85,1B,B,I
ABEFHIKL,301,81,1D,D,B
ABEFHIKL,301,74,1E,E,F
ABEFHIKL,301,82,1G,G,A
ABEFHIKL,301,77,1I,I,H
ABEFHIKL,301,87,1K,K,L
ABEFHIKL,301,80,1L,L,K
ABEFHJKL,300,79,1A,A,E
ABEFHJKL,300,85,1B,B,J
ABEFHJKL,300,81,1D,D,B
ABEFHJKL,300,74,1E,E,F
ABEFHJKL,300,82,1G,G,A
ABEFHJKL,300,77,1I,I,H
ABEFHJKL,300,87,1K,K,L
ABEFHJKL,300,80,1L,L,K
ABEFIJKL,299,79,1A,A,E
ABEFIJKL,299,85,1B,B,J
ABEFIJKL,299,81,1D,D,B
ABEFIJKL,299,74,1E,E,A
ABEFIJKL,299,82,1G,G,I
ABEFIJKL,299,77,1I,I,F
ABEFIJKL,299,87,1K,K,L
ABEFIJKL,299,80,1L,L,K
ABEGHIJK,298,79,1A,A,E
ABEGHIJK,298,85,1B,B,J
ABEGHIJK,298,81,1D,D,B
ABEGHIJK,298,74,1E,E,A
ABEGHIJK,298,82,1G,G,H
ABEGHIJK,298,77,1I,I,G
ABEGHIJK,298,87,1K,K,I
ABEGHIJK,298,80,1L,L,K
ABEGHIJL,297,79,1A,A,E
ABEGHIJL,297,85,1B,B,J
ABEGHIJL,297,81,1D,D,B
ABEGHIJL,297,74,1E,E,A
ABEGHIJL,297,82,1G,G,H
ABEGHIJL,297,77,1I,I,G
ABEGHIJL,297,87,1K,K,L
ABEGHIJL,297,80,1L,L,I
ABEGHIKL,296,79,1A,A,E
ABEGHIKL,296,85,1B,B,G
ABEGHIKL,296,81,1D,D,B
ABEGHIKL,296,74,1E,E,A
ABEGHIKL,296,82,1G,G,I
ABEGHIKL,296,77,1I,I,H
ABEGHIKL,296,87,1K,K,L
ABEGHIKL,296,80,1L,L,K
ABEGHJKL,295,79,1A,A,E
ABEGHJKL,295,85,1B,B,J
ABEGHJKL,295,81,1D,D,B
ABEGHJKL,295,74,1E,E,A
ABEGHJKL,295,82,1G,G,H
ABEGHJKL,295,77,1I,I,G
ABEGHJKL,295,87,1K,K,L
ABEGHJKL,295,80,1L,L,K
ABEGIJKL,294,79,1A,A,E
ABEGIJKL,294,85,1B,B,J
ABEGIJKL,294,81,1D,D,B
ABEGIJKL,294,74,1E,E,A
ABEGIJKL,294,82,1G,G,I
ABEGIJKL,294,77,1I,I,G
ABEGIJKL,294,87,1K,K,L
ABEGIJKL,294,80,1L,L,K
ABEHIJKL,293,79,1A,A,E
ABEHIJKL,293,85,1B,B,J
ABEHIJKL,293,81,1D,D,B
ABEHIJKL,293,74,1E,E,A
ABEHIJKL,293,82,1G,G,I
ABEHIJKL,293,77,1I,I,H
ABEHIJKL,293,87,1K,K,L
ABEHIJKL,293,80,1L,L,K
ABFGHIJK,292,79,1A,A,H
ABFGHIJK,292,85,1B,B,J
ABFGHIJK,292,81,1D,D,B
ABFGHIJK,292,74,1E,E,F
ABFGHIJK,292,82,1G,G,A
ABFGHIJK,292,77,1I,I,G
ABFGHIJK,292,87,1K,K,I
ABFGHIJK,292,80,1L,L,K
ABFGHIJL,291,79,1A,A,H
ABFGHIJL,291,85,1B,B,J
ABFGHIJL,291,81,1D,D,B
ABFGHIJL,291,74,1E,E,F
ABFGHIJL,291,82,1G,G,A
ABFGHIJL,291,77,1I,I,G
ABFGHIJL,291,87,1K,K,L
ABFGHIJL,291,80,1L,L,I
ABFGHIKL,290,79,1A,A,H
ABFGHIKL,290,85,1B,B,G
ABFGHIKL,290,81,1D,D,B
ABFGHIKL,290,74,1E,E,A
ABFGHIKL,290,82,1G,G,I
ABFGHIKL,290,77,1I,I,F
ABFGHIKL,290,87,1K,K,L
ABFGHIKL,290,80,1L,L,K
ABFGHJKL,289,79,1A,A,H
ABFGHJKL,289,85,1B,B,J
ABFGHJKL,289,81,1D,D,B
ABFGHJKL,289,74,1E,E,F
ABFGHJKL,289,82,1G,G,A
ABFGHJKL,289,77,1I,I,G
ABFGHJKL,289,87,1K,K,L
ABFGHJKL,289,80,1L,L,K
ABFGIJKL,288,79,1A,A,I
ABFGIJKL,288,85,1B,B,J
ABFGIJKL,288,81,1D,D,B
ABFGIJKL,288,74,1E,E,F
ABFGIJKL,288,82,1G,G,A
ABFGIJKL,288,77,1I,I,G
ABFGIJKL,288,87,1K,K,L
ABFGIJKL,288,80,1L,L,K
ABFHIJKL,287,79,1A,A,H
ABFHIJKL,287,85,1B,B,J
ABFHIJKL,287,81,1D,D,B
ABFHIJKL,287,74,1E,E,A
ABFHIJKL,287,82,1G,G,I
ABFHIJKL,287,77,1I,I,F
ABFHIJKL,287,87,1K,K,L
ABFHIJKL,287,80,1L,L,K
ABGHIJKL,286,79,1A,A,H
ABGHIJKL,286,85,1B,B,J
ABGHIJKL,286,81,1D,D,B
ABGHIJKL,286,74,1E,E,A
ABGHIJKL,286,82,1G,G,I
ABGHIJKL,286,77,1I,I,G
ABGHIJKL,286,87,1K,K,L
ABGHIJKL,286,80,1L,L,K
ACDEFGHI,285,79,1A,A,H
ACDEFGHI,285,85,1B,B,G
ACDEFGHI,285,81,1D,D,E
ACDEFGHI,285,74,1E,E,C
ACDEFGHI,285,82,1G,G,A
ACDEFGHI,285,77,1I,I,F
ACDEFGHI,285,87,1K,K,D
ACDEFGHI,285,80,1L,L,I
ACDEFGHJ,284,79,1A,A,H
ACDEFGHJ,284,85,1B,B,G
ACDEFGHJ,284,81,1D,D,J
ACDEFGHJ,284,74,1E,E,C
ACDEFGHJ,284,82,1G,G,A
ACDEFGHJ,284,77,1I,I,F
ACDEFGHJ,284,87,1K,K,D
ACDEFGHJ,284,80,1L,L,E
ACDEFGHK,283,79,1A,A,H
ACDEFGHK,283,85,1B,B,G
ACDEFGHK,283,81,1D,D,E
ACDEFGHK,283,74,1E,E,C
ACDEFGHK,283,82,1G,G,A
ACDEFGHK,283,77,1I,I,F
ACDEFGHK,283,87,1K,K,D
ACDEFGHK,283,80,1L,L,K
ACDEFGHL,282,79,1A,A,H
ACDEFGHL,282,85,1B,B,G
ACDEFGHL,282,81,1D,D,F
ACDEFGHL,282,74,1E,E,C
ACDEFGHL,282,82,1G,G,A
ACDEFGHL,282,77,1I,I,D
ACDEFGHL,282,87,1K,K,L
ACDEFGHL,282,80,1L,L,E
ACDEFGIJ,281,79,1A,A,C
ACDEFGIJ,281,85,1B,B,G
ACDEFGIJ,281,81,1D,D,J
ACDEFGIJ,281,74,1E,E,D
ACDEFGIJ,281,82,1G,G,A
ACDEFGIJ,281,77,1I,I,F
ACDEFGIJ,281,87,1K,K,E
ACDEFGIJ,281,80,1L,L,I
ACDEFGIK,280,79,1A,A,C
ACDEFGIK,280,85,1B,B,G
ACDEFGIK,280,81,1D,D,E
ACDEFGIK,280,74,1E,E,D
ACDEFGIK,280,82,1G,G,A
ACDEFGIK,280,77,1I,I,F
ACDEFGIK,280,87,1K,K,I
ACDEFGIK,280,80,1L,L,K
ACDEFGIL,279,79,1A,A,C
ACDEFGIL,279,85,1B,B,G
ACDEFGIL,279,81,1D,D,E
ACDEFGIL,279,74,1E,E,D
ACDEFGIL,279,82,1G,G,A
ACDEFGIL,279,77,1I,I,F
ACDEFGIL,279,87,1K,K,L
ACDEFGIL,279,80,1L,L,I
ACDEFGJK,278,79,1A,A,C
ACDEFGJK,278,85,1B,B,G
ACDEFGJK,278,81,1D,D,J
ACDEFGJK,278,74,1E,E,D
ACDEFGJK,278,82,1G,G,A
ACDEFGJK,278,77,1I,I,F
ACDEFGJK,278,87,1K,K,E
ACDEFGJK,278,80,1L,L,K
ACDEFGJL,277,79,1A,A,C
ACDEFGJL,277,85,1B,B,G
ACDEFGJL,277,81,1D,D,J
ACDEFGJL,277,74,1E,E,D
ACDEFGJL,277,82,1G,G,A
ACDEFGJL,277,77,1I,I,F
ACDEFGJL,277,87,1K,K,L
ACDEFGJL,277,80,1L,L,E
ACDEFGKL,276,79,1A,A,C
ACDEFGKL,276,85,1B,B,G
ACDEFGKL,276,81,1D,D,E
ACDEFGKL,276,74,1E,E,D
ACDEFGKL,276,82,1G,G,A
ACDEFGKL,276,77,1I,I,F
ACDEFGKL,276,87,1K,K,L
ACDEFGKL,276,80,1L,L,K
ACDEFHIJ,275,79,1A,A,H
ACDEFHIJ,275,85,1B,B,J
ACDEFHIJ,275,81,1D,D,E
ACDEFHIJ,275,74,1E,E,C
ACDEFHIJ,275,82,1G,G,A
ACDEFHIJ,275,77,1I,I,F
ACDEFHIJ,275,87,1K,K,D
ACDEFHIJ,275,80,1L,L,I
ACDEFHIK,274,79,1A,A,H
ACDEFHIK,274,85,1B,B,E
ACDEFHIK,274,81,1D,D,F
ACDEFHIK,274,74,1E,E,C
ACDEFHIK,274,82,1G,G,A
ACDEFHIK,274,77,1I,I,D
ACDEFHIK,274,87,1K,K,I
ACDEFHIK,274,80,1L,L,K
ACDEFHIL,273,79,1A,A,H
ACDEFHIL,273,85,1B,B,E
ACDEFHIL,273,81,1D,D,F
ACDEFHIL,273,74,1E,E,C
ACDEFHIL,273,82,1G,G,A
ACDEFHIL,273,77,1I,I,D
ACDEFHIL,273,87,1K,K,L
ACDEFHIL,273,80,1L,L,I
ACDEFHJK,272,79,1A,A,H
ACDEFHJK,272,85,1B,B,J
ACDEFHJK,272,81,1D,D,E
ACDEFHJK,272,74,1E,E,C
ACDEFHJK,272,82,1G,G,A
ACDEFHJK,272,77,1I,I,F
ACDEFHJK,272,87,1K,K,D
ACDEFHJK,272,80,1L,L,K
ACDEFHJL,271,79,1A,A,H
ACDEFHJL,271,85,1B,B,J
ACDEFHJL,271,81,1D,D,F
ACDEFHJL,271,74,1E,E,C
ACDEFHJL,271,82,1G,G,A
ACDEFHJL,271,77,1I,I,D
ACDEFHJL,271,87,1K,K,L
ACDEFHJL,271,80,1L,L,E
ACDEFHKL,270,79,1A,A,H
ACDEFHKL,270,85,1B,B,E
ACDEFHKL,270,81,1D,D,F
ACDEFHKL,270,74,1E,E,C
ACDEFHKL,270,82,1G,G,A
ACDEFHKL,270,77,1I,I,D
ACDEFHKL,270,87,1K,K,L
ACDEFHKL,270,80,1L,L,K
ACDEFIJK,269,79,1A,A,C
ACDEFIJK,269,85,1B,B,J
ACDEFIJK,269,81,1D,D,E
ACDEFIJK,269,74,1E,E,D
ACDEFIJK,269,82,1G,G,A
ACDEFIJK,269,77,1I,I,F
ACDEFIJK,269,87,1K,K,I
ACDEFIJK,269,80,1L,L,K
ACDEFIJL,268,79,1A,A,C
ACDEFIJL,268,85,1B,B,J
ACDEFIJL,268,81,1D,D,E
ACDEFIJL,268,74,1E,E,D
ACDEFIJL,268,82,1G,G,A
ACDEFIJL,268,77,1I,I,F
ACDEFIJL,268,87,1K,K,L
ACDEFIJL,268,80,1L,L,I
ACDEFIKL,267,79,1A,A,C
ACDEFIKL,267,85,1B,B,E
ACDEFIKL,267,81,1D,D,I
ACDEFIKL,267,74,1E,E,D
ACDEFIKL,267,82,1G,G,A
ACDEFIKL,267,77,1I,I,F
ACDEFIKL,267,87,1K,K,L
ACDEFIKL,267,80,1L,L,K
ACDEFJKL,266,79,1A,A,C
ACDEFJKL,266,85,1B,B,J
ACDEFJKL,266,81,1D,D,E
ACDEFJKL,266,74,1E,E,D
ACDEFJKL,266,82,1G,G,A
ACDEFJKL,266,77,1I,I,F
ACDEFJKL,266,87,1K,K,L
ACDEFJKL,266,80,1L,L,K
ACDEGHIJ,265,79,1A,A,H
ACDEGHIJ,265,85,1B,B,G
ACDEGHIJ,265,81,1D,D,J
ACDEGHIJ,265,74,1E,E,C
ACDEGHIJ,265,82,1G,G,A
ACDEGHIJ,265,77,1I,I,D
ACDEGHIJ,265,87,1K,K,E
ACDEGHIJ,265,80,1L,L,I
ACDEGHIK,264,79,1A,A,H
ACDEGHIK,264,85,1B,B,G
ACDEGHIK,264,81,1D,D,E
ACDEGHIK,264,74,1E,E,C
ACDEGHIK,264,82,1G,G,A
ACDEGHIK,264,77,1I,I,D
ACDEGHIK,264,87,1K,K,I
ACDEGHIK,264,80,1L,L,K
ACDEGHIL,263,79,1A,A,H
ACDEGHIL,263,85,1B,B,G
ACDEGHIL,263,81,1D,D,E
ACDEGHIL,263,74,1E,E,C
ACDEGHIL,263,82,1G,G,A
ACDEGHIL,263,77,1I,I,D
ACDEGHIL,263,87,1K,K,L
ACDEGHIL,263,80,1L,L,I
ACDEGHJK,262,79,1A,A,H
ACDEGHJK,262,85,1B,B,G
ACDEGHJK,262,81,1D,D,J
ACDEGHJK,262,74,1E,E,C
ACDEGHJK,262,82,1G,G,A
ACDEGHJK,262,77,1I,I,D
ACDEGHJK,262,87,1K,K,E
ACDEGHJK,262,80,1L,L,K
ACDEGHJL,261,79,1A,A,H
ACDEGHJL,261,85,1B,B,G
ACDEGHJL,261,81,1D,D,J
ACDEGHJL,261,74,1E,E,C
ACDEGHJL,261,82,1G,G,A
ACDEGHJL,261,77,1I,I,D
ACDEGHJL,261,87,1K,K,L
ACDEGHJL,261,80,1L,L,E
ACDEGHKL,260,79,1A,A,H
ACDEGHKL,260,85,1B,B,G
ACDEGHKL,260,81,1D,D,E
ACDEGHKL,260,74,1E,E,C
ACDEGHKL,260,82,1G,G,A
ACDEGHKL,260,77,1I,I,D
ACDEGHKL,260,87,1K,K,L
ACDEGHKL,260,80,1L,L,K
ACDEGIJK,259,79,1A,A,E
ACDEGIJK,259,85,1B,B,G
ACDEGIJK,259,81,1D,D,J
ACDEGIJK,259,74,1E,E,C
ACDEGIJK,259,82,1G,G,A
ACDEGIJK,259,77,1I,I,D
ACDEGIJK,259,87,1K,K,I
ACDEGIJK,259,80,1L,L,K
ACDEGIJL,258,79,1A,A,E
ACDEGIJL,258,85,1B,B,G
ACDEGIJL,258,81,1D,D,J
ACDEGIJL,258,74,1E,E,C
ACDEGIJL,258,82,1G,G,A
ACDEGIJL,258,77,1I,I,D
ACDEGIJL,258,87,1K,K,L
ACDEGIJL,258,80,1L,L,I
ACDEGIKL,257,79,1A,A,E
ACDEGIKL,257,85,1B,B,G
ACDEGIKL,257,81,1D,D,I
ACDEGIKL,257,74,1E,E,C
ACDEGIKL,257,82,1G,G,A
ACDEGIKL,257,77,1I,I,D
ACDEGIKL,257,87,1K,K,L
ACDEGIKL,257,80,1L,L,K
ACDEGJKL,256,79,1A,A,E
ACDEGJKL,256,85,1B,B,G
ACDEGJKL,256,81,1D,D,J
ACDEGJKL,256,74,1E,E,C
ACDEGJKL,256,82,1G,G,A
ACDEGJKL,256,77,1I,I,D
ACDEGJKL,256,87,1K,K,L
ACDEGJKL,256,80,1L,L,K
ACDEHIJK,255,79,1A,A,H
ACDEHIJK,255,85,1B,B,J
ACDEHIJK,255,81,1D,D,E
ACDEHIJK,255,74,1E,E,C
ACDEHIJK,255,82,1G,G,A
ACDEHIJK,255,77,1I,I,D
ACDEHIJK,255,87,1K,K,I
ACDEHIJK,255,80,1L,L,K
ACDEHIJL,254,79,1A,A,H
ACDEHIJL,254,85,1B,B,J
ACDEHIJL,254,81,1D,D,E
ACDEHIJL,254,74,1E,E,C
ACDEHIJL,254,82,1G,G,A
ACDEHIJL,254,77,1I,I,D
ACDEHIJL,254,87,1K,K,L
ACDEHIJL,254,80,1L,L,I
ACDEHIKL,253,79,1A,A,H
ACDEHIKL,253,85,1B,B,E
ACDEHIKL,253,81,1D,D,I
ACDEHIKL,253,74,1E,E,C
ACDEHIKL,253,82,1G,G,A
ACDEHIKL,253,77,1I,I,D
ACDEHIKL,253,87,1K,K,L
ACDEHIKL,253,80,1L,L,K
ACDEHJKL,252,79,1A,A,H
ACDEHJKL,252,85,1B,B,J
ACDEHJKL,252,81,1D,D,E
ACDEHJKL,252,74,1E,E,C
ACDEHJKL,252,82,1G,G,A
ACDEHJKL,252,77,1I,I,D
ACDEHJKL,252,87,1K,K,L
ACDEHJKL,252,80,1L,L,K
ACDEIJKL,251,79,1A,A,E
ACDEIJKL,251,85,1B,B,J
ACDEIJKL,251,81,1D,D,I
ACDEIJKL,251,74,1E,E,C
ACDEIJKL,251,82,1G,G,A
ACDEIJKL,251,77,1I,I,D
ACDEIJKL,251,87,1K,K,L
ACDEIJKL,251,80,1L,L,K
ACDFGHIJ,250,79,1A,A,H
ACDFGHIJ,250,85,1B,B,G
ACDFGHIJ,250,81,1D,D,J
ACDFGHIJ,250,74,1E,E,C
ACDFGHIJ,250,82,1G,G,A
ACDFGHIJ,250,77,1I,I,F
ACDFGHIJ,250,87,1K,K,D
ACDFGHIJ,250,80,1L,L,I
ACDFGHIK,249,79,1A,A,H
ACDFGHIK,249,85,1B,B,G
ACDFGHIK,249,81,1D,D,F
ACDFGHIK,249,74,1E,E,C
ACDFGHIK,249,82,1G,G,A
ACDFGHIK,249,77,1I,I,D
ACDFGHIK,249,87,1K,K,I
ACDFGHIK,249,80,1L,L,K
ACDFGHIL,248,79,1A,A,H
ACDFGHIL,248,85,1B,B,G
ACDFGHIL,248,81,1D,D,F
ACDFGHIL,248,74,1E,E,C
ACDFGHIL,248,82,1G,G,A
ACDFGHIL,248,77,1I,I,D
ACDFGHIL,248,87,1K,K,L
ACDFGHIL,248,80,1L,L,I
ACDFGHJK,247,79,1A,A,H
ACDFGHJK,247,85,1B,B,G
ACDFGHJK,247,81,1D,D,J
ACDFGHJK,247,74,1E,E,C
ACDFGHJK,247,82,1G,G,A
ACDFGHJK,247,77,1I,I,F
ACDFGHJK,247,87,1K,K,D
ACDFGHJK,247,80,1L,L,K
ACDFGHJL,246,79,1A,A,C
ACDFGHJL,246,85,1B,B,G
ACDFGHJL,246,81,1D,D,J
ACDFGHJL,246,74,1E,E,D
ACDFGHJL,246,82,1G,G,A
ACDFGHJL,246,77,1I,I,F
ACDFGHJL,246,87,1K,K,L
ACDFGHJL,246,80,1L,L,H
ACDFGHKL,245,79,1A,A,H
ACDFGHKL,245,85,1B,B,G
ACDFGHKL,245,81,1D,D,F
ACDFGHKL,245,74,1E,E,C
ACDFGHKL,245,82,1G,G,A
ACDFGHKL,245,77,1I,I,D
ACDFGHKL,245,87,1K,K,L
ACDFGHKL,245,80,1L,L,K
ACDFGIJK,244,79,1A,A,C
ACDFGIJK,244,85,1B,B,G
ACDFGIJK,244,81,1D,D,J
ACDFGIJK,244,74,1E,E,D
ACDFGIJK,244,82,1G,G,A
ACDFGIJK,244,77,1I,I,F
ACDFGIJK,244,87,1K,K,I
ACDFGIJK,244,80,1L,L,K
ACDFGIJL,243,79,1A,A,C
ACDFGIJL,243,85,1B,B,G
ACDFGIJL,243,81,1D,D,J
ACDFGIJL,243,74,1E,E,D
ACDFGIJL,243,82,1G,G,A
ACDFGIJL,243,77,1I,I,F
ACDFGIJL,243,87,1K,K,L
ACDFGIJL,243,80,1L,L,I
ACDFGIKL,242,79,1A,A,C
ACDFGIKL,242,85,1B,B,G
ACDFGIKL,242,81,1D,D,I
ACDFGIKL,242,74,1E,E,D
ACDFGIKL,242,82,1G,G,A
ACDFGIKL,242,77,1I,I,F
ACDFGIKL,242,87,1K,K,L
ACDFGIKL,242,80,1L,L,K
ACDFGJKL,241,79,1A,A,C
ACDFGJKL,241,85,1B,B,G
ACDFGJKL,241,81,1D,D,J
ACDFGJKL,241,74,1E,E,D
ACDFGJKL,241,82,1G,G,A
ACDFGJKL,241,77,1I,I,F
ACDFGJKL,241,87,1K,K,L
ACDFGJKL,241,80,1L,L,K
ACDFHIJK,240,79,1A,A,H
ACDFHIJK,240,85,1B,B,J
ACDFHIJK,240,81,1D,D,F
ACDFHIJK,240,74,1E,E,C
ACDFHIJK,240,82,1G,G,A
ACDFHIJK,240,77,1I,I,D
ACDFHIJK,240,87,1K,K,I
ACDFHIJK,240,80,1L,L,K
ACDFHIJL,239,79,1A,A,H
ACDFHIJL,239,85,1B,B,J
ACDFHIJL,239,81,1D,D,F
ACDFHIJL,239,74,1E,E,C
ACDFHIJL,239,82,1G,G,A
ACDFHIJL,239,77,1I,I,D
ACDFHIJL,239,87,1K,K,L
ACDFHIJL,239,80,1L,L,I
ACDFHIKL,238,79,1A,A,H
ACDFHIKL,238,85,1B,B,F
ACDFHIKL,238,81,1D,D,I
ACDFHIKL,238,74,1E,E,C
ACDFHIKL,238,82,1G,G,A
ACDFHIKL,238,77,1I,I,D
ACDFHIKL,238,87,1K,K,L
ACDFHIKL,238,80,1L,L,K
ACDFHJKL,237,79,1A,A,H
ACDFHJKL,237,85,1B,B,J
ACDFHJKL,237,81,1D,D,F
ACDFHJKL,237,74,1E,E,C
ACDFHJKL,237,82,1G,G,A
ACDFHJKL,237,77,1I,I,D
ACDFHJKL,237,87,1K,K,L
ACDFHJKL,237,80,1L,L,K
ACDFIJKL,236,79,1A,A,C
ACDFIJKL,236,85,1B,B,J
ACDFIJKL,236,81,1D,D,I
ACDFIJKL,236,74,1E,E,D
ACDFIJKL,236,82,1G,G,A
ACDFIJKL,236,77,1I,I,F
ACDFIJKL,236,87,1K,K,L
ACDFIJKL,236,80,1L,L,K
ACDGHIJK,235,79,1A,A,H
ACDGHIJK,235,85,1B,B,G
ACDGHIJK,235,81,1D,D,J
ACDGHIJK,235,74,1E,E,C
ACDGHIJK,235,82,1G,G,A
ACDGHIJK,235,77,1I,I,D
ACDGHIJK,235,87,1K,K,I
ACDGHIJK,235,80,1L,L,K
ACDGHIJL,234,79,1A,A,H
ACDGHIJL,234,85,1B,B,G
ACDGHIJL,234,81,1D,D,J
ACDGHIJL,234,74,1E,E,C
ACDGHIJL,234,82,1G,G,A
ACDGHIJL,234,77,1I,I,D
ACDGHIJL,234,87,1K,K,L
ACDGHIJL,234,80,1L,L,I
ACDGHIKL,233,79,1A,A,H
ACDGHIKL,233,85,1B,B,G
ACDGHIKL,233,81,1D,D,I
ACDGHIKL,233,74,1E,E,C
ACDGHIKL,233,82,1G,G,A
ACDGHIKL,233,77,1I,I,D
ACDGHIKL,233,87,1K,K,L
ACDGHIKL,233,80,1L,L,K
ACDGHJKL,232,79,1A,A,H
ACDGHJKL,232,85,1B,B,G
ACDGHJKL,232,81,1D,D,J
ACDGHJKL,232,74,1E,E,C
ACDGHJKL,232,82,1G,G,A
ACDGHJKL,232,77,1I,I,D
ACDGHJKL,232,87,1K,K,L
ACDGHJKL,232,80,1L,L,K
ACDGIJKL,231,79,1A,A,I
ACDGIJKL,231,85,1B,B,G
ACDGIJKL,231,81,1D,D,J
ACDGIJKL,231,74,1E,E,C
ACDGIJKL,231,82,1G,G,A
ACDGIJKL,231,77,1I,I,D
ACDGIJKL,231,87,1K,K,L
ACDGIJKL,231,80,1L,L,K
ACDHIJKL,230,79,1A,A,H
ACDHIJKL,230,85,1B,B,J
ACDHIJKL,230,81,1D,D,I
ACDHIJKL,230,74,1E,E,C
ACDHIJKL,230,82,1G,G,A
ACDHIJKL,230,77,1I,I,D
ACDHIJKL,230,87,1K,K,L
ACDHIJKL,230,80,1L,L,K
ACEFGHIJ,229,79,1A,A,H
ACEFGHIJ,229,85,1B,B,G
ACEFGHIJ,229,81,1D,D,J
ACEFGHIJ,229,74,1E,E,C
ACEFGHIJ,229,82,1G,G,A
ACEFGHIJ,229,77,1I,I,F
ACEFGHIJ,229,87,1K,K,E
ACEFGHIJ,229,80,1L,L,I
ACEFGHIK,228,79,1A,A,H
ACEFGHIK,228,85,1B,B,G
ACEFGHIK,228,81,1D,D,E
ACEFGHIK,228,74,1E,E,C
ACEFGHIK,228,82,1G,G,A
ACEFGHIK,228,77,1I,I,F
ACEFGHIK,228,87,1K,K,I
ACEFGHIK,228,80,1L,L,K
ACEFGHIL,227,79,1A,A,H
ACEFGHIL,227,85,1B,B,G
ACEFGHIL,227,81,1D,D,E
ACEFGHIL,227,74,1E,E,C
ACEFGHIL,227,82,1G,G,A
ACEFGHIL,227,77,1I,I,F
ACEFGHIL,227,87,1K,K,L
ACEFGHIL,227,80,1L,L,I
ACEFGHJK,226,79,1A,A,H
ACEFGHJK,226,85,1B,B,G
ACEFGHJK,226,81,1D,D,J
ACEFGHJK,226,74,1E,E,C
ACEFGHJK,226,82,1G,G,A
ACEFGHJK,226,77,1I,I,F
ACEFGHJK,226,87,1K,K,E
ACEFGHJK,226,80,1L,L,K
ACEFGHJL,225,79,1A,A,H
ACEFGHJL,225,85,1B,B,G
ACEFGHJL,225,81,1D,D,J
ACEFGHJL,225,74,1E,E,C
ACEFGHJL,225,82,1G,G,A
ACEFGHJL,225,77,1I,I,F
ACEFGHJL,225,87,1K,K,L
ACEFGHJL,225,80,1L,L,E
ACEFGHKL,224,79,1A,A,H
ACEFGHKL,224,85,1B,B,G
ACEFGHKL,224,81,1D,D,E
ACEFGHKL,224,74,1E,E,C
ACEFGHKL,224,82,1G,G,A
ACEFGHKL,224,77,1I,I,F
ACEFGHKL,224,87,1K,K,L
ACEFGHKL,224,80,1L,L,K
ACEFGIJK,223,79,1A,A,E
ACEFGIJK,223,85,1B,B,G
ACEFGIJK,223,81,1D,D,J
ACEFGIJK,223,74,1E,E,C
ACEFGIJK,223,82,1G,G,A
ACEFGIJK,223,77,1I,I,F
ACEFGIJK,223,87,1K,K,I
ACEFGIJK,223,80,1L,L,K
ACEFGIJL,222,79,1A,A,E
ACEFGIJL,222,85,1B,B,G
ACEFGIJL,222,81,1D,D,J
ACEFGIJL,222,74,1E,E,C
ACEFGIJL,222,82,1G,G,A
ACEFGIJL,222,77,1I,I,F
ACEFGIJL,222,87,1K,K,L
ACEFGIJL,222,80,1L,L,I
ACEFGIKL,221,79,1A,A,E
ACEFGIKL,221,85,1B,B,G
ACEFGIKL,221,81,1D,D,I
ACEFGIKL,221,74,1E,E,C
ACEFGIKL,221,82,1G,G,A
ACEFGIKL,221,77,1I,I,F
ACEFGIKL,221,87,1K,K,L
ACEFGIKL,221,80,1L,L,K
ACEFGJKL,220,79,1A,A,E
ACEFGJKL,220,85,1B,B,G
ACEFGJKL,220,81,1D,D,J
ACEFGJKL,220,74,1E,E,C
ACEFGJKL,220,82,1G,G,A
ACEFGJKL,220,77,1I,I,F
ACEFGJKL,220,87,1K,K,L
ACEFGJKL,220,80,1L,L,K
ACEFHIJK,219,79,1A,A,H
ACEFHIJK,219,85,1B,B,J
ACEFHIJK,219,81,1D,D,E
ACEFHIJK,219,74,1E,E,C
ACEFHIJK,219,82,1G,G,A
ACEFHIJK,219,77,1I,I,F
ACEFHIJK,219,87,1K,K,I
ACEFHIJK,219,80,1L,L,K
ACEFHIJL,218,79,1A,A,H
ACEFHIJL,218,85,1B,B,J
ACEFHIJL,218,81,1D,D,E
ACEFHIJL,218,74,1E,E,C
ACEFHIJL,218,82,1G,G,A
ACEFHIJL,218,77,1I,I,F
ACEFHIJL,218,87,1K,K,L
ACEFHIJL,218,80,1L,L,I
ACEFHIKL,217,79,1A,A,H
ACEFHIKL,217,85,1B,B,E
ACEFHIKL,217,81,1D,D,I
ACEFHIKL,217,74,1E,E,C
ACEFHIKL,217,82,1G,G,A
ACEFHIKL,217,77,1I,I,F
ACEFHIKL,217,87,1K,K,L
ACEFHIKL,217,80,1L,L,K
ACEFHJKL,216,79,1A,A,H
ACEFHJKL,216,85,1B,B,J
ACEFHJKL,216,81,1D,D,E
ACEFHJKL,216,74,1E,E,C
ACEFHJKL,216,82,1G,G,A
ACEFHJKL,216,77,1I,I,F
ACEFHJKL,216,87,1K,K,L
ACEFHJKL,216,80,1L,L,K
ACEFIJKL,215,79,1A,A,E
ACEFIJKL,215,85,1B,B,J
ACEFIJKL,215,81,1D,D,I
ACEFIJKL,215,74,1E,E,C
ACEFIJKL,215,82,1G,G,A
ACEFIJKL,215,77,1I,I,F
ACEFIJKL,215,87,1K,K,L
ACEFIJKL,215,80,1L,L,K
ACEGHIJK,214,79,1A,A,E
ACEGHIJK,214,85,1B,B,G
ACEGHIJK,214,81,1D,D,J
ACEGHIJK,214,74,1E,E,C
ACEGHIJK,214,82,1G,G,A
ACEGHIJK,214,77,1I,I,H
ACEGHIJK,214,87,1K,K,I
ACEGHIJK,214,80,1L,L,K
ACEGHIJL,213,79,1A,A,E
ACEGHIJL,213,85,1B,B,G
ACEGHIJL,213,81,1D,D,J
ACEGHIJL,213,74,1E,E,C
ACEGHIJL,213,82,1G,G,A
ACEGHIJL,213,77,1I,I,H
ACEGHIJL,213,87,1K,K,L
ACEGHIJL,213,80,1L,L,I
ACEGHIKL,212,79,1A,A,E
ACEGHIKL,212,85,1B,B,G
ACEGHIKL,212,81,1D,D,I
ACEGHIKL,212,74,1E,E,C
ACEGHIKL,212,82,1G,G,A
ACEGHIKL,212,77,1I,I,H
ACEGHIKL,212,87,1K,K,L
ACEGHIKL,212,80,1L,L,K
ACEGHJKL,211,79,1A,A,E
ACEGHJKL,211,85,1B,B,G
ACEGHJKL,211,81,1D,D,J
ACEGHJKL,211,74,1E,E,C
ACEGHJKL,211,82,1G,G,A
ACEGHJKL,211,77,1I,I,H
ACEGHJKL,211,87,1K,K,L
ACEGHJKL,211,80,1L,L,K
ACEGIJKL,210,79,1A,A,E
ACEGIJKL,210,85,1B,B,J
ACEGIJKL,210,81,1D,D,I
ACEGIJKL,210,74,1E,E,C
ACEGIJKL,210,82,1G,G,A
ACEGIJKL,210,77,1I,I,G
ACEGIJKL,210,87,1K,K,L
ACEGIJKL,210,80,1L,L,K
ACEHIJKL,209,79,1A,A,E
ACEHIJKL,209,85,1B,B,J
ACEHIJKL,209,81,1D,D,I
ACEHIJKL,209,74,1E,E,C
ACEHIJKL,209,82,1G,G,A
ACEHIJKL,209,77,1I,I,H
ACEHIJKL,209,87,1K,K,L
ACEHIJKL,209,80,1L,L,K
ACFGHIJK,208,79,1A,A,H
ACFGHIJK,208,85,1B,B,G
ACFGHIJK,208,81,1D,D,J
ACFGHIJK,208,74,1E,E,C
ACFGHIJK,208,82,1G,G,A
ACFGHIJK,208,77,1I,I,F
ACFGHIJK,208,87,1K,K,I
ACFGHIJK,208,80,1L,L,K
ACFGHIJL,207,79,1A,A,H
ACFGHIJL,207,85,1B,B,G
ACFGHIJL,207,81,1D,D,J
ACFGHIJL,207,74,1E,E,C
ACFGHIJL,207,82,1G,G,A
ACFGHIJL,207,77,1I,I,F
ACFGHIJL,207,87,1K,K,L
ACFGHIJL,207,80,1L,L,I
ACFGHIKL,206,79,1A,A,H
ACFGHIKL,206,85,1B,B,G
ACFGHIKL,206,81,1D,D,I
ACFGHIKL,206,74,1E,E,C
ACFGHIKL,206,82,1G,G,A
ACFGHIKL,206,77,1I,I,F
ACFGHIKL,206,87,1K,K,L
ACFGHIKL,206,80,1L,L,K
ACFGHJKL,205,79,1A,A,H
ACFGHJKL,205,85,1B,B,G
ACFGHJKL,205,81,1D,D,J
ACFGHJKL,205,74,1E,E,C
ACFGHJKL,205,82,1G,G,A
ACFGHJKL,205,77,1I,I,F
ACFGHJKL,205,87,1K,K,L
ACFGHJKL,205,80,1L,L,K
ACFGIJKL,204,79,1A,A,I
ACFGIJKL,204,85,1B,B,G
ACFGIJKL,204,81,1D,D,J
ACFGIJKL,204,74,1E,E,C
ACFGIJKL,204,82,1G,G,A
ACFGIJKL,204,77,1I,I,F
ACFGIJKL,204,87,1K,K,L
ACFGIJKL,204,80,1L,L,K
ACFHIJKL,203,79,1A,A,H
ACFHIJKL,203,85,1B,B,J
ACFHIJKL,203,81,1D,D,I
ACFHIJKL,203,74,1E,E,C
ACFHIJKL,203,82,1G,G,A
ACFHIJKL,203,77,1I,I,F
ACFHIJKL,203,87,1K,K,L
ACFHIJKL,203,80,1L,L,K
ACGHIJKL,202,79,1A,A,H
ACGHIJKL,202,85,1B,B,J
ACGHIJKL,202,81,1D,D,I
ACGHIJKL,202,74,1E,E,C
ACGHIJKL,202,82,1G,G,A
ACGHIJKL,202,77,1I,I,G
ACGHIJKL,202,87,1K,K,L
ACGHIJKL,202,80,1L,L,K
ADEFGHIJ,201,79,1A,A,H
ADEFGHIJ,201,85,1B,B,G
ADEFGHIJ,201,81,1D,D,J
ADEFGHIJ,201,74,1E,E,D
ADEFGHIJ,201,82,1G,G,A
ADEFGHIJ,201,77,1I,I,F
ADEFGHIJ,201,87,1K,K,E
ADEFGHIJ,201,80,1L,L,I
ADEFGHIK,200,79,1A,A,H
ADEFGHIK,200,85,1B,B,G
ADEFGHIK,200,81,1D,D,E
ADEFGHIK,200,74,1E,E,D
ADEFGHIK,200,82,1G,G,A
ADEFGHIK,200,77,1I,I,F
ADEFGHIK,200,87,1K,K,I
ADEFGHIK,200,80,1L,L,K
ADEFGHIL,199,79,1A,A,H
ADEFGHIL,199,85,1B,B,G
ADEFGHIL,199,81,1D,D,E
ADEFGHIL,199,74,1E,E,D
ADEFGHIL,199,82,1G,G,A
ADEFGHIL,199,77,1I,I,F
ADEFGHIL,199,87,1K,K,L
ADEFGHIL,199,80,1L,L,I
ADEFGHJK,198,79,1A,A,H
ADEFGHJK,198,85,1B,B,G
ADEFGHJK,198,81,1D,D,J
ADEFGHJK,198,74,1E,E,D
ADEFGHJK,198,82,1G,G,A
ADEFGHJK,198,77,1I,I,F
ADEFGHJK,198,87,1K,K,E
ADEFGHJK,198,80,1L,L,K
ADEFGHJL,197,79,1A,A,H
ADEFGHJL,197,85,1B,B,G
ADEFGHJL,197,81,1D,D,J
ADEFGHJL,197,74,1E,E,D
ADEFGHJL,197,82,1G,G,A
ADEFGHJL,197,77,1I,I,F
ADEFGHJL,197,87,1K,K,L
ADEFGHJL,197,80,1L,L,E
ADEFGHKL,196,79,1A,A,H
ADEFGHKL,196,85,1B,B,G
ADEFGHKL,196,81,1D,D,E
ADEFGHKL,196,74,1E,E,D
ADEFGHKL,196,82,1G,G,A
ADEFGHKL,196,77,1I,I,F
ADEFGHKL,196,87,1K,K,L
ADEFGHKL,196,80,1L,L,K
ADEFGIJK,195,79,1A,A,E
ADEFGIJK,195,85,1B,B,G
ADEFGIJK,195,81,1D,D,J
ADEFGIJK,195,74,1E,E,D
ADEFGIJK,195,82,1G,G,A
ADEFGIJK,195,77,1I,I,F
ADEFGIJK,195,87,1K,K,I
ADEFGIJK,195,80,1L,L,K
ADEFGIJL,194,79,1A,A,E
ADEFGIJL,194,85,1B,B,G
ADEFGIJL,194,81,1D,D,J
ADEFGIJL,194,74,1E,E,D
ADEFGIJL,194,82,1G,G,A
ADEFGIJL,194,77,1I,I,F
ADEFGIJL,194,87,1K,K,L
ADEFGIJL,194,80,1L,L,I
ADEFGIKL,193,79,1A,A,E
ADEFGIKL,193,85,1B,B,G
ADEFGIKL,193,81,1D,D,I
ADEFGIKL,193,74,1E,E,D
ADEFGIKL,193,82,1G,G,A
ADEFGIKL,193,77,1I,I,F
ADEFGIKL,193,87,1K,K,L
ADEFGIKL,193,80,1L,L,K
ADEFGJKL,192,79,1A,A,E
ADEFGJKL,192,85,1B,B,G
ADEFGJKL,192,81,1D,D,J
ADEFGJKL,192,74,1E,E,D
ADEFGJKL,192,82,1G,G,A
ADEFGJKL,192,77,1I,I,F
ADEFGJKL,192,87,1K,K,L
ADEFGJKL,192,80,1L,L,K
ADEFHIJK,191,79,1A,A,H
ADEFHIJK,191,85,1B,B,J
ADEFHIJK,191,81,1D,D,E
ADEFHIJK,191,74,1E,E,D
ADEFHIJK,191,82,1G,G,A
ADEFHIJK,191,77,1I,I,F
ADEFHIJK,191,87,1K,K,I
ADEFHIJK,191,80,1L,L,K
ADEFHIJL,190,79,1A,A,H
ADEFHIJL,190,85,1B,B,J
ADEFHIJL,190,81,1D,D,E
ADEFHIJL,190,74,1E,E,D
ADEFHIJL,190,82,1G,G,A
ADEFHIJL,190,77,1I,I,F
ADEFHIJL,190,87,1K,K,L
ADEFHIJL,190,80,1L,L,I
ADEFHIKL,189,79,1A,A,H
ADEFHIKL,189,85,1B,B,E
ADEFHIKL,189,81,1D,D,I
ADEFHIKL,189,74,1E,E,D
ADEFHIKL,189,82,1G,G,A
ADEFHIKL,189,77,1I,I,F
ADEFHIKL,189,87,1K,K,L
ADEFHIKL,189,80,1L,L,K
ADEFHJKL,188,79,1A,A,H
ADEFHJKL,188,85,1B,B,J
ADEFHJKL,188,81,1D,D,E
ADEFHJKL,188,74,1E,E,D
ADEFHJKL,188,82,1G,G,A
ADEFHJKL,188,77,1I,I,F
ADEFHJKL,188,87,1K,K,L
ADEFHJKL,188,80,1L,L,K
ADEFIJKL,187,79,1A,A,E
ADEFIJKL,187,85,1B,B,J
ADEFIJKL,187,81,1D,D,I
ADEFIJKL,187,74,1E,E,D
ADEFIJKL,187,82,1G,G,A
ADEFIJKL,187,77,1I,I,F
ADEFIJKL,187,87,1K,K,L
ADEFIJKL,187,80,1L,L,K
ADEGHIJK,186,79,1A,A,E
ADEGHIJK,186,85,1B,B,G
ADEGHIJK,186,81,1D,D,J
ADEGHIJK,186,74,1E,E,D
ADEGHIJK,186,82,1G,G,A
ADEGHIJK,186,77,1I,I,H
ADEGHIJK,186,87,1K,K,I
ADEGHIJK,186,80,1L,L,K
ADEGHIJL,185,79,1A,A,E
ADEGHIJL,185,85,1B,B,G
ADEGHIJL,185,81,1D,D,J
ADEGHIJL,185,74,1E,E,D
ADEGHIJL,185,82,1G,G,A
ADEGHIJL,185,77,1I,I,H
ADEGHIJL,185,87,1K,K,L
ADEGHIJL,185,80,1L,L,I
ADEGHIKL,184,79,1A,A,E
ADEGHIKL,184,85,1B,B,G
ADEGHIKL,184,81,1D,D,I
ADEGHIKL,184,74,1E,E,D
ADEGHIKL,184,82,1G,G,A
ADEGHIKL,184,77,1I,I,H
ADEGHIKL,184,87,1K,K,L
ADEGHIKL,184,80,1L,L,K
ADEGHJKL,183,79,1A,A,E
ADEGHJKL,183,85,1B,B,G
ADEGHJKL,183,81,1D,D,J
ADEGHJKL,183,74,1E,E,D
ADEGHJKL,183,82,1G,G,A
ADEGHJKL,183,77,1I,I,H
ADEGHJKL,183,87,1K,K,L
ADEGHJKL,183,80,1L,L,K
ADEGIJKL,182,79,1A,A,E
ADEGIJKL,182,85,1B,B,J
ADEGIJKL,182,81,1D,D,I
ADEGIJKL,182,74,1E,E,D
ADEGIJKL,182,82,1G,G,A
ADEGIJKL,182,77,1I,I,G
ADEGIJKL,182,87,1K,K,L
ADEGIJKL,182,80,1L,L,K
ADEHIJKL,181,79,1A,A,E
ADEHIJKL,181,85,1B,B,J
ADEHIJKL,181,81,1D,D,I
ADEHIJKL,181,74,1E,E,D
ADEHIJKL,181,82,1G,G,A
ADEHIJKL,181,77,1I,I,H
ADEHIJKL,181,87,1K,K,L
ADEHIJKL,181,80,1L,L,K
ADFGHIJK,180,79,1A,A,H
ADFGHIJK,180,85,1B,B,G
ADFGHIJK,180,81,1D,D,J
ADFGHIJK,180,74,1E,E,D
ADFGHIJK,180,82,1G,G,A
ADFGHIJK,180,77,1I,I,F
ADFGHIJK,180,87,1K,K,I
ADFGHIJK,180,80,1L,L,K
ADFGHIJL,179,79,1A,A,H
ADFGHIJL,179,85,1B,B,G
ADFGHIJL,179,81,1D,D,J
ADFGHIJL,179,74,1E,E,D
ADFGHIJL,179,82,1G,G,A
ADFGHIJL,179,77,1I,I,F
ADFGHIJL,179,87,1K,K,L
ADFGHIJL,179,80,1L,L,I
ADFGHIKL,178,79,1A,A,H
ADFGHIKL,178,85,1B,B,G
ADFGHIKL,178,81,1D,D,I
ADFGHIKL,178,74,1E,E,D
ADFGHIKL,178,82,1G,G,A
ADFGHIKL,178,77,1I,I,F
ADFGHIKL,178,87,1K,K,L
ADFGHIKL,178,80,1L,L,K
ADFGHJKL,177,79,1A,A,H
ADFGHJKL,177,85,1B,B,G
ADFGHJKL,177,81,1D,D,J
ADFGHJKL,177,74,1E,E,D
ADFGHJKL,177,82,1G,G,A
ADFGHJKL,177,77,1I,I,F
ADFGHJKL,177,87,1K,K,L
ADFGHJKL,177,80,1L,L,K
ADFGIJKL,176,79,1A,A,I
ADFGIJKL,176,85,1B,B,G
ADFGIJKL,176,81,1D,D,J
ADFGIJKL,176,74,1E,E,D
ADFGIJKL,176,82,1G,G,A
ADFGIJKL,176,77,1I,I,F
ADFGIJKL,176,87,1K,K,L
ADFGIJKL,176,80,1L,L,K
ADFHIJKL,175,79,1A,A,H
ADFHIJKL,175,85,1B,B,J
ADFHIJKL,175,81,1D,D,I
ADFHIJKL,175,74,1E,E,D
ADFHIJKL,175,82,1G,G,A
ADFHIJKL,175,77,1I,I,F
ADFHIJKL,175,87,1K,K,L
ADFHIJKL,175,80,1L,L,K
ADGHIJKL,174,79,1A,A,H
ADGHIJKL,174,85,1B,B,J
ADGHIJKL,174,81,1D,D,I
ADGHIJKL,174,74,1E,E,D
ADGHIJKL,174,82,1G,G,A
ADGHIJKL,174,77,1I,I,G
ADGHIJKL,174,87,1K,K,L
ADGHIJKL,174,80,1L,L,K
AEFGHIJK,173,79,1A,A,E
AEFGHIJK,173,85,1B,B,G
AEFGHIJK,173,81,1D,D,J
AEFGHIJK,173,74,1E,E,F
AEFGHIJK,173,82,1G,G,A
AEFGHIJK,173,77,1I,I,H
AEFGHIJK,173,87,1K,K,I
AEFGHIJK,173,80,1L,L,K
AEFGHIJL,172,79,1A,A,E
AEFGHIJL,172,85,1B,B,G
AEFGHIJL,172,81,1D,D,J
AEFGHIJL,172,74,1E,E,F
AEFGHIJL,172,82,1G,G,A
AEFGHIJL,172,77,1I,I,H
AEFGHIJL,172,87,1K,K,L
AEFGHIJL,172,80,1L,L,I
AEFGHIKL,171,79,1A,A,E
AEFGHIKL,171,85,1B,B,G
AEFGHIKL,171,81,1D,D,I
AEFGHIKL,171,74,1E,E,F
AEFGHIKL,171,82,1G,G,A
AEFGHIKL,171,77,1I,I,H
AEFGHIKL,171,87,1K,K,L
AEFGHIKL,171,80,1L,L,K
AEFGHJKL,170,79,1A,A,E
AEFGHJKL,170,85,1B,B,G
AEFGHJKL,170,81,1D,D,J
AEFGHJKL,170,74,1E,E,F
AEFGHJKL,170,82,1G,G,A
AEFGHJKL,170,77,1I,I,H
AEFGHJKL,170,87,1K,K,L
AEFGHJKL,170,80,1L,L,K
AEFGIJKL,169,79,1A,A,E
AEFGIJKL,169,85,1B,B,J
AEFGIJKL,169,81,1D,D,I
AEFGIJKL,169,74,1E,E,F
AEFGIJKL,169,82,1G,G,A
AEFGIJKL,169,77,1I,I,G
AEFGIJKL,169,87,1K,K,L
AEFGIJKL,169,80,1L,L,K
AEFHIJKL,168,79,1A,A,E
AEFHIJKL,168,85,1B,B,J
AEFHIJKL,168,81,1D,D,I
AEFHIJKL,168,74,1E,E,F
AEFHIJKL,168,82,1G,G,A
AEFHIJKL,168,77,1I,I,H
AEFHIJKL,168,87,1K,K,L
AEFHIJKL,168,80,1L,L,K
AEGHIJKL,167,79,1A,A,E
AEGHIJKL,167,85,1B,B,J
AEGHIJKL,167,81,1D,D,I
AEGHIJKL,167,74,1E,E,A
AEGHIJKL,167,82,1G,G,H
AEGHIJKL,167,77,1I,I,G
AEGHIJKL,167,87,1K,K,L
AEGHIJKL,167,80,1L,L,K
AFGHIJKL,166,79,1A,A,H
AFGHIJKL,166,85,1B,B,J
AFGHIJKL,166,81,1D,D,I
AFGHIJKL,166,74,1E,E,F
AFGHIJKL,166,82,1G,G,A
AFGHIJKL,166,77,1I,I,G
AFGHIJKL,166,87,1K,K,L
AFGHIJKL,166,80,1L,L,K
BCDEFGHI,165,79,1A,A,C
BCDEFGHI,165,85,1B,B,G
BCDEFGHI,165,81,1D,D,B
BCDEFGHI,165,74,1E,E,D
BCDEFGHI,165,82,1G,G,H
BCDEFGHI,165,77,1I,I,F
BCDEFGHI,165,87,1K,K,E
BCDEFGHI,165,80,1L,L,I
BCDEFGHJ,164,79,1A,A,H
BCDEFGHJ,164,85,1B,B,G
BCDEFGHJ,164,81,1D,D,B
BCDEFGHJ,164,74,1E,E,C
BCDEFGHJ,164,82,1G,G,J
BCDEFGHJ,164,77,1I,I,F
BCDEFGHJ,164,87,1K,K,D
BCDEFGHJ,164,80,1L,L,E
BCDEFGHK,163,79,1A,A,C
BCDEFGHK,163,85,1B,B,G
BCDEFGHK,163,81,1D,D,B
BCDEFGHK,163,74,1E,E,D
BCDEFGHK,163,82,1G,G,H
BCDEFGHK,163,77,1I,I,F
BCDEFGHK,163,87,1K,K,E
BCDEFGHK,163,80,1L,L,K
BCDEFGHL,162,79,1A,A,C
BCDEFGHL,162,85,1B,B,G
BCDEFGHL,162,81,1D,D,B
BCDEFGHL,162,74,1E,E,D
BCDEFGHL,162,82,1G,G,H
BCDEFGHL,162,77,1I,I,F
BCDEFGHL,162,87,1K,K,L
BCDEFGHL,162,80,1L,L,E
BCDEFGIJ,161,79,1A,A,C
BCDEFGIJ,161,85,1B,B,G
BCDEFGIJ,161,81,1D,D,B
BCDEFGIJ,161,74,1E,E,D
BCDEFGIJ,161,82,1G,G,J
BCDEFGIJ,161,77,1I,I,F
BCDEFGIJ,161,87,1K,K,E
BCDEFGIJ,161,80,1L,L,I
BCDEFGIK,160,79,1A,A,C
BCDEFGIK,160,85,1B,B,G
BCDEFGIK,160,81,1D,D,B
BCDEFGIK,160,74,1E,E,D
BCDEFGIK,160,82,1G,G,E
BCDEFGIK,160,77,1I,I,F
BCDEFGIK,160,87,1K,K,I
BCDEFGIK,160,80,1L,L,K
BCDEFGIL,159,79,1A,A,C
BCDEFGIL,159,85,1B,B,G
BCDEFGIL,159,81,1D,D,B
BCDEFGIL,159,74,1E,E,D
BCDEFGIL,159,82,1G,G,E
BCDEFGIL,159,77,1I,I,F
BCDEFGIL,159,87,1K,K,L
BCDEFGIL,159,80,1L,L,I
BCDEFGJK,158,79,1A,A,C
BCDEFGJK,158,85,1B,B,G
BCDEFGJK,158,81,1D,D,B
BCDEFGJK,158,74,1E,E,D
BCDEFGJK,158,82,1G,G,J
BCDEFGJK,158,77,1I,I,F
BCDEFGJK,158,87,1K,K,E
BCDEFGJK,158,80,1L,L,K
BCDEFGJL,157,79,1A,A,C
BCDEFGJL,157,85,1B,B,G
BCDEFGJL,157,81,1D,D,B
BCDEFGJL,157,74,1E,E,D
BCDEFGJL,157,82,1G,G,J
BCDEFGJL,157,77,1I,I,F
BCDEFGJL,157,87,1K,K,L
BCDEFGJL,157,80,1L,L,E
BCDEFGKL,156,79,1A,A,C
BCDEFGKL,156,85,1B,B,G
BCDEFGKL,156,81,1D,D,B
BCDEFGKL,156,74,1E,E,D
BCDEFGKL,156,82,1G,G,E
BCDEFGKL,156,77,1I,I,F
BCDEFGKL,156,87,1K,K,L
BCDEFGKL,156,80,1L,L,K
BCDEFHIJ,155,79,1A,A,C
BCDEFHIJ,155,85,1B,B,J
BCDEFHIJ,155,81,1D,D,B
BCDEFHIJ,155,74,1E,E,D
BCDEFHIJ,155,82,1G,G,H
BCDEFHIJ,155,77,1I,I,F
BCDEFHIJ,155,87,1K,K,E
BCDEFHIJ,155,80,1L,L,I
BCDEFHIK,154,79,1A,A,C
BCDEFHIK,154,85,1B,B,E
BCDEFHIK,154,81,1D,D,B
BCDEFHIK,154,74,1E,E,D
BCDEFHIK,154,82,1G,G,H
BCDEFHIK,154,77,1I,I,F
BCDEFHIK,154,87,1K,K,I
BCDEFHIK,154,80,1L,L,K
BCDEFHIL,153,79,1A,A,C
BCDEFHIL,153,85,1B,B,E
BCDEFHIL,153,81,1D,D,B
BCDEFHIL,153,74,1E,E,D
BCDEFHIL,153,82,1G,G,H
BCDEFHIL,153,77,1I,I,F
BCDEFHIL,153,87,1K,K,L
BCDEFHIL,153,80,1L,L,I
BCDEFHJK,152,79,1A,A,C
BCDEFHJK,152,85,1B,B,J
BCDEFHJK,152,81,1D,D,B
BCDEFHJK,152,74,1E,E,D
BCDEFHJK,152,82,1G,G,H
BCDEFHJK,152,77,1I,I,F
BCDEFHJK,152,87,1K,K,E
BCDEFHJK,152,80,1L,L,K
BCDEFHJL,151,79,1A,A,C
BCDEFHJL,151,85,1B,B,J
BCDEFHJL,151,81,1D,D,B
BCDEFHJL,151,74,1E,E,D
BCDEFHJL,151,82,1G,G,H
BCDEFHJL,151,77,1I,I,F
BCDEFHJL,151,87,1K,K,L
BCDEFHJL,151,80,1L,L,E
BCDEFHKL,150,79,1A,A,C
BCDEFHKL,150,85,1B,B,E
BCDEFHKL,150,81,1D,D,B
BCDEFHKL,150,74,1E,E,D
BCDEFHKL,150,82,1G,G,H
BCDEFHKL,150,77,1I,I,F
BCDEFHKL,150,87,1K,K,L
BCDEFHKL,150,80,1L,L,K
BCDEFIJK,149,79,1A,A,C
BCDEFIJK,149,85,1B,B,J
BCDEFIJK,149,81,1D,D,B
BCDEFIJK,149,74,1E,E,D
BCDEFIJK,149,82,1G,G,E
BCDEFIJK,149,77,1I,I,F
BCDEFIJK,149,87,1K,K,I
BCDEFIJK,149,80,1L,L,K
BCDEFIJL,148,79,1A,A,C
BCDEFIJL,148,85,1B,B,J
BCDEFIJL,148,81,1D,D,B
BCDEFIJL,148,74,1E,E,D
BCDEFIJL,148,82,1G,G,E
BCDEFIJL,148,77,1I,I,F
BCDEFIJL,148,87,1K,K,L
BCDEFIJL,148,80,1L,L,I
BCDEFIKL,147,79,1A,A,C
BCDEFIKL,147,85,1B,B,E
BCDEFIKL,147,81,1D,D,B
BCDEFIKL,147,74,1E,E,D
BCDEFIKL,147,82,1G,G,I
BCDEFIKL,147,77,1I,I,F
BCDEFIKL,147,87,1K,K,L
BCDEFIKL,147,80,1L,L,K
BCDEFJKL,146,79,1A,A,C
BCDEFJKL,146,85,1B,B,J
BCDEFJKL,146,81,1D,D,B
BCDEFJKL,146,74,1E,E,D
BCDEFJKL,146,82,1G,G,E
BCDEFJKL,146,77,1I,I,F
BCDEFJKL,146,87,1K,K,L
BCDEFJKL,146,80,1L,L,K
BCDEGHIJ,145,79,1A,A,H
BCDEGHIJ,145,85,1B,B,G
BCDEGHIJ,145,81,1D,D,B
BCDEGHIJ,145,74,1E,E,C
BCDEGHIJ,145,82,1G,G,J
BCDEGHIJ,145,77,1I,I,D
BCDEGHIJ,145,87,1K,K,E
BCDEGHIJ,145,80,1L,L,I
BCDEGHIK,144,79,1A,A,E
BCDEGHIK,144,85,1B,B,G
BCDEGHIK,144,81,1D,D,B
BCDEGHIK,144,74,1E,E,C
BCDEGHIK,144,82,1G,G,H
BCDEGHIK,144,77,1I,I,D
BCDEGHIK,144,87,1K,K,I
BCDEGHIK,144,80,1L,L,K
BCDEGHIL,143,79,1A,A,E
BCDEGHIL,143,85,1B,B,G
BCDEGHIL,143,81,1D,D,B
BCDEGHIL,143,74,1E,E,C
BCDEGHIL,143,82,1G,G,H
BCDEGHIL,143,77,1I,I,D
BCDEGHIL,143,87,1K,K,L
BCDEGHIL,143,80,1L,L,I
BCDEGHJK,142,79,1A,A,H
BCDEGHJK,142,85,1B,B,G
BCDEGHJK,142,81,1D,D,B
BCDEGHJK,142,74,1E,E,C
BCDEGHJK,142,82,1G,G,J
BCDEGHJK,142,77,1I,I,D
BCDEGHJK,142,87,1K,K,E
BCDEGHJK,142,80,1L,L,K
BCDEGHJL,141,79,1A,A,H
BCDEGHJL,141,85,1B,B,G
BCDEGHJL,141,81,1D,D,B
BCDEGHJL,141,74,1E,E,C
BCDEGHJL,141,82,1G,G,J
BCDEGHJL,141,77,1I,I,D
BCDEGHJL,141,87,1K,K,L
BCDEGHJL,141,80,1L,L,E
BCDEGHKL,140,79,1A,A,E
BCDEGHKL,140,85,1B,B,G
BCDEGHKL,140,81,1D,D,B
BCDEGHKL,140,74,1E,E,C
BCDEGHKL,140,82,1G,G,H
BCDEGHKL,140,77,1I,I,D
BCDEGHKL,140,87,1K,K,L
BCDEGHKL,140,80,1L,L,K
BCDEGIJK,139,79,1A,A,E
BCDEGIJK,139,85,1B,B,G
BCDEGIJK,139,81,1D,D,B
BCDEGIJK,139,74,1E,E,C
BCDEGIJK,139,82,1G,G,J
BCDEGIJK,139,77,1I,I,D
BCDEGIJK,139,87,1K,K,I
BCDEGIJK,139,80,1L,L,K
BCDEGIJL,138,79,1A,A,E
BCDEGIJL,138,85,1B,B,G
BCDEGIJL,138,81,1D,D,B
BCDEGIJL,138,74,1E,E,C
BCDEGIJL,138,82,1G,G,J
BCDEGIJL,138,77,1I,I,D
BCDEGIJL,138,87,1K,K,L
BCDEGIJL,138,80,1L,L,I
BCDEGIKL,137,79,1A,A,E
BCDEGIKL,137,85,1B,B,G
BCDEGIKL,137,81,1D,D,B
BCDEGIKL,137,74,1E,E,C
BCDEGIKL,137,82,1G,G,I
BCDEGIKL,137,77,1I,I,D
BCDEGIKL,137,87,1K,K,L
BCDEGIKL,137,80,1L,L,K
BCDEGJKL,136,79,1A,A,E
BCDEGJKL,136,85,1B,B,G
BCDEGJKL,136,81,1D,D,B
BCDEGJKL,136,74,1E,E,C
BCDEGJKL,136,82,1G,G,J
BCDEGJKL,136,77,1I,I,D
BCDEGJKL,136,87,1K,K,L
BCDEGJKL,136,80,1L,L,K
BCDEHIJK,135,79,1A,A,E
BCDEHIJK,135,85,1B,B,J
BCDEHIJK,135,81,1D,D,B
BCDEHIJK,135,74,1E,E,C
BCDEHIJK,135,82,1G,G,H
BCDEHIJK,135,77,1I,I,D
BCDEHIJK,135,87,1K,K,I
BCDEHIJK,135,80,1L,L,K
BCDEHIJL,134,79,1A,A,E
BCDEHIJL,134,85,1B,B,J
BCDEHIJL,134,81,1D,D,B
BCDEHIJL,134,74,1E,E,C
BCDEHIJL,134,82,1G,G,H
BCDEHIJL,134,77,1I,I,D
BCDEHIJL,134,87,1K,K,L
BCDEHIJL,134,80,1L,L,I
BCDEHIKL,133,79,1A,A,E
BCDEHIKL,133,85,1B,B,I
BCDEHIKL,133,81,1D,D,B
BCDEHIKL,133,74,1E,E,C
BCDEHIKL,133,82,1G,G,H
BCDEHIKL,133,77,1I,I,D
BCDEHIKL,133,87,1K,K,L
BCDEHIKL,133,80,1L,L,K
BCDEHJKL,132,79,1A,A,E
BCDEHJKL,132,85,1B,B,J
BCDEHJKL,132,81,1D,D,B
BCDEHJKL,132,74,1E,E,C
BCDEHJKL,132,82,1G,G,H
BCDEHJKL,132,77,1I,I,D
BCDEHJKL,132,87,1K,K,L
BCDEHJKL,132,80,1L,L,K
BCDEIJKL,131,79,1A,A,E
BCDEIJKL,131,85,1B,B,J
BCDEIJKL,131,81,1D,D,B
BCDEIJKL,131,74,1E,E,C
BCDEIJKL,131,82,1G,G,I
BCDEIJKL,131,77,1I,I,D
BCDEIJKL,131,87,1K,K,L
BCDEIJKL,131,80,1L,L,K
BCDFGHIJ,130,79,1A,A,H
BCDFGHIJ,130,85,1B,B,G
BCDFGHIJ,130,81,1D,D,B
BCDFGHIJ,130,74,1E,E,C
BCDFGHIJ,130,82,1G,G,J
BCDFGHIJ,130,77,1I,I,F
BCDFGHIJ,130,87,1K,K,D
BCDFGHIJ,130,80,1L,L,I
BCDFGHIK,129,79,1A,A,C
BCDFGHIK,129,85,1B,B,G
BCDFGHIK,129,81,1D,D,B
BCDFGHIK,129,74,1E,E,D
BCDFGHIK,129,82,1G,G,H
BCDFGHIK,129,77,1I,I,F
BCDFGHIK,129,87,1K,K,I
BCDFGHIK,129,80,1L,L,K
BCDFGHIL,128,79,1A,A,C
BCDFGHIL,128,85,1B,B,G
BCDFGHIL,128,81,1D,D,B
BCDFGHIL,128,74,1E,E,D
BCDFGHIL,128,82,1G,G,H
BCDFGHIL,128,77,1I,I,F
BCDFGHIL,128,87,1K,K,L
BCDFGHIL,128,80,1L,L,I
BCDFGHJK,127,79,1A,A,H
BCDFGHJK,127,85,1B,B,G
BCDFGHJK,127,81,1D,D,B
BCDFGHJK,127,74,1E,E,C
BCDFGHJK,127,82,1G,G,J
BCDFGHJK,127,77,1I,I,F
BCDFGHJK,127,87,1K,K,D
BCDFGHJK,127,80,1L,L,K
BCDFGHJL,126,79,1A,A,C
BCDFGHJL,126,85,1B,B,G
BCDFGHJL,126,81,1D,D,B
BCDFGHJL,126,74,1E,E,D
BCDFGHJL,126,82,1G,G,H
BCDFGHJL,126,77,1I,I,F
BCDFGHJL,126,87,1K,K,L
BCDFGHJL,126,80,1L,L,J
BCDFGHKL,125,79,1A,A,C
BCDFGHKL,125,85,1B,B,G
BCDFGHKL,125,81,1D,D,B
BCDFGHKL,125,74,1E,E,D
BCDFGHKL,125,82,1G,G,H
BCDFGHKL,125,77,1I,I,F
BCDFGHKL,125,87,1K,K,L
BCDFGHKL,125,80,1L,L,K
BCDFGIJK,124,79,1A,A,C
BCDFGIJK,124,85,1B,B,G
BCDFGIJK,124,81,1D,D,B
BCDFGIJK,124,74,1E,E,D
BCDFGIJK,124,82,1G,G,J
BCDFGIJK,124,77,1I,I,F
BCDFGIJK,124,87,1K,K,I
BCDFGIJK,124,80,1L,L,K
BCDFGIJL,123,79,1A,A,C
BCDFGIJL,123,85,1B,B,G
BCDFGIJL,123,81,1D,D,B
BCDFGIJL,123,74,1E,E,D
BCDFGIJL,123,82,1G,G,J
BCDFGIJL,123,77,1I,I,F
BCDFGIJL,123,87,1K,K,L
BCDFGIJL,123,80,1L,L,I
BCDFGIKL,122,79,1A,A,C
BCDFGIKL,122,85,1B,B,G
BCDFGIKL,122,81,1D,D,B
BCDFGIKL,122,74,1E,E,D
BCDFGIKL,122,82,1G,G,I
BCDFGIKL,122,77,1I,I,F
BCDFGIKL,122,87,1K,K,L
BCDFGIKL,122,80,1L,L,K
BCDFGJKL,121,79,1A,A,C
BCDFGJKL,121,85,1B,B,G
BCDFGJKL,121,81,1D,D,B
BCDFGJKL,121,74,1E,E,D
BCDFGJKL,121,82,1G,G,J
BCDFGJKL,121,77,1I,I,F
BCDFGJKL,121,87,1K,K,L
BCDFGJKL,121,80,1L,L,K
BCDFHIJK,120,79,1A,A,C
BCDFHIJK,120,85,1B,B,J
BCDFHIJK,120,81,1D,D,B
BCDFHIJK,120,74,1E,E,D
BCDFHIJK,120,82,1G,G,H
BCDFHIJK,120,77,1I,I,F
BCDFHIJK,120,87,1K,K,I
BCDFHIJK,120,80,1L,L,K
BCDFHIJL,119,79,1A,A,C
BCDFHIJL,119,85,1B,B,J
BCDFHIJL,119,81,1D,D,B
BCDFHIJL,119,74,1E,E,D
BCDFHIJL,119,82,1G,G,H
BCDFHIJL,119,77,1I,I,F
BCDFHIJL,119,87,1K,K,L
BCDFHIJL,119,80,1L,L,I
BCDFHIKL,118,79,1A,A,C
BCDFHIKL,118,85,1B,B,I
BCDFHIKL,118,81,1D,D,B
BCDFHIKL,118,74,1E,E,D
BCDFHIKL,118,82,1G,G,H
BCDFHIKL,118,77,1I,I,F
BCDFHIKL,118,87,1K,K,L
BCDFHIKL,118,80,1L,L,K
BCDFHJKL,117,79,1A,A,C
BCDFHJKL,117,85,1B,B,J
BCDFHJKL,117,81,1D,D,B
BCDFHJKL,117,74,1E,E,D
BCDFHJKL,117,82,1G,G,H
BCDFHJKL,117,77,1I,I,F
BCDFHJKL,117,87,1K,K,L
BCDFHJKL,117,80,1L,L,K
BCDFIJKL,116,79,1A,A,C
BCDFIJKL,116,85,1B,B,J
BCDFIJKL,116,81,1D,D,B
BCDFIJKL,116,74,1E,E,D
BCDFIJKL,116,82,1G,G,I
BCDFIJKL,116,77,1I,I,F
BCDFIJKL,116,87,1K,K,L
BCDFIJKL,116,80,1L,L,K
BCDGHIJK,115,79,1A,A,H
BCDGHIJK,115,85,1B,B,G
BCDGHIJK,115,81,1D,D,B
BCDGHIJK,115,74,1E,E,C
BCDGHIJK,115,82,1G,G,J
BCDGHIJK,115,77,1I,I,D
BCDGHIJK,115,87,1K,K,I
BCDGHIJK,115,80,1L,L,K
BCDGHIJL,114,79,1A,A,H
BCDGHIJL,114,85,1B,B,G
BCDGHIJL,114,81,1D,D,B
BCDGHIJL,114,74,1E,E,C
BCDGHIJL,114,82,1G,G,J
BCDGHIJL,114,77,1I,I,D
BCDGHIJL,114,87,1K,K,L
BCDGHIJL,114,80,1L,L,I
BCDGHIKL,113,79,1A,A,H
BCDGHIKL,113,85,1B,B,G
BCDGHIKL,113,81,1D,D,B
BCDGHIKL,113,74,1E,E,C
BCDGHIKL,113,82,1G,G,I
BCDGHIKL,113,77,1I,I,D
BCDGHIKL,113,87,1K,K,L
BCDGHIKL,113,80,1L,L,K
BCDGHJKL,112,79,1A,A,H
BCDGHJKL,112,85,1B,B,G
BCDGHJKL,112,81,1D,D,B
BCDGHJKL,112,74,1E,E,C
BCDGHJKL,112,82,1G,G,J
BCDGHJKL,112,77,1I,I,D
BCDGHJKL,112,87,1K,K,L
BCDGHJKL,112,80,1L,L,K
BCDGIJKL,111,79,1A,A,I
BCDGIJKL,111,85,1B,B,G
BCDGIJKL,111,81,1D,D,B
BCDGIJKL,111,74,1E,E,C
BCDGIJKL,111,82,1G,G,J
BCDGIJKL,111,77,1I,I,D
BCDGIJKL,111,87,1K,K,L
BCDGIJKL,111,80,1L,L,K
BCDHIJKL,110,79,1A,A,H
BCDHIJKL,110,85,1B,B,J
BCDHIJKL,110,81,1D,D,B
BCDHIJKL,110,74,1E,E,C
BCDHIJKL,110,82,1G,G,I
BCDHIJKL,110,77,1I,I,D
BCDHIJKL,110,87,1K,K,L
BCDHIJKL,110,80,1L,L,K
BCEFGHIJ,109,79,1A,A,H
BCEFGHIJ,109,85,1B,B,G
BCEFGHIJ,109,81,1D,D,B
BCEFGHIJ,109,74,1E,E,C
BCEFGHIJ,109,82,1G,G,J
BCEFGHIJ,109,77,1I,I,F
BCEFGHIJ,109,87,1K,K,E
BCEFGHIJ,109,80,1L,L,I
BCEFGHIK,108,79,1A,A,E
BCEFGHIK,108,85,1B,B,G
BCEFGHIK,108,81,1D,D,B
BCEFGHIK,108,74,1E,E,C
BCEFGHIK,108,82,1G,G,H
BCEFGHIK,108,77,1I,I,F
BCEFGHIK,108,87,1K,K,I
BCEFGHIK,108,80,1L,L,K
BCEFGHIL,107,79,1A,A,E
BCEFGHIL,107,85,1B,B,G
BCEFGHIL,107,81,1D,D,B
BCEFGHIL,107,74,1E,E,C
BCEFGHIL,107,82,1G,G,H
BCEFGHIL,107,77,1I,I,F
BCEFGHIL,107,87,1K,K,L
BCEFGHIL,107,80,1L,L,I
BCEFGHJK,106,79,1A,A,H
BCEFGHJK,106,85,1B,B,G
BCEFGHJK,106,81,1D,D,B
BCEFGHJK,106,74,1E,E,C
BCEFGHJK,106,82,1G,G,J
BCEFGHJK,106,77,1I,I,F
BCEFGHJK,106,87,1K,K,E
BCEFGHJK,106,80,1L,L,K
BCEFGHJL,105,79,1A,A,H
BCEFGHJL,105,85,1B,B,G
BCEFGHJL,105,81,1D,D,B
BCEFGHJL,105,74,1E,E,C
BCEFGHJL,105,82,1G,G,J
BCEFGHJL,105,77,1I,I,F
BCEFGHJL,105,87,1K,K,L
BCEFGHJL,105,80,1L,L,E
BCEFGHKL,104,79,1A,A,E
BCEFGHKL,104,85,1B,B,G
BCEFGHKL,104,81,1D,D,B
BCEFGHKL,104,74,1E,E,C
BCEFGHKL,104,82,1G,G,H
BCEFGHKL,104,77,1I,I,F
BCEFGHKL,104,87,1K,K,L
BCEFGHKL,104,80,1L,L,K
BCEFGIJK,103,79,1A,A,E
BCEFGIJK,103,85,1B,B,G
BCEFGIJK,103,81,1D,D,B
BCEFGIJK,103,74,1E,E,C
BCEFGIJK,103,82,1G,G,J
BCEFGIJK,103,77,1I,I,F
BCEFGIJK,103,87,1K,K,I
BCEFGIJK,103,80,1L,L,K
BCEFGIJL,102,79,1A,A,E
BCEFGIJL,102,85,1B,B,G
BCEFGIJL,102,81,1D,D,B
BCEFGIJL,102,74,1E,E,C
BCEFGIJL,102,82,1G,G,J
BCEFGIJL,102,77,1I,I,F
BCEFGIJL,102,87,1K,K,L
BCEFGIJL,102,80,1L,L,I
BCEFGIKL,101,79,1A,A,E
BCEFGIKL,101,85,1B,B,G
BCEFGIKL,101,81,1D,D,B
BCEFGIKL,101,74,1E,E,C
BCEFGIKL,101,82,1G,G,I
BCEFGIKL,101,77,1I,I,F
BCEFGIKL,101,87,1K,K,L
BCEFGIKL,101,80,1L,L,K
BCEFGJKL,100,79,1A,A,E
BCEFGJKL,100,85,1B,B,G
BCEFGJKL,100,81,1D,D,B
BCEFGJKL,100,74,1E,E,C
BCEFGJKL,100,82,1G,G,J
BCEFGJKL,100,77,1I,I,F
BCEFGJKL,100,87,1K,K,L
BCEFGJKL,100,80,1L,L,K
BCEFHIJK,99,79,1A,A,E
BCEFHIJK,99,85,1B,B,J
BCEFHIJK,99,81,1D,D,B
BCEFHIJK,99,74,1E,E,C
BCEFHIJK,99,82,1G,G,H
BCEFHIJK,99,77,1I,I,F
BCEFHIJK,99,87,1K,K,I
BCEFHIJK,99,80,1L,L,K
BCEFHIJL,98,79,1A,A,E
BCEFHIJL,98,85,1B,B,J
BCEFHIJL,98,81,1D,D,B
BCEFHIJL,98,74,1E,E,C
BCEFHIJL,98,82,1G,G,H
BCEFHIJL,98,77,1I,I,F
BCEFHIJL,98,87,1K,K,L
BCEFHIJL,98,80,1L,L,I
BCEFHIKL,97,79,1A,A,E
BCEFHIKL,97,85,1B,B,I
BCEFHIKL,97,81,1D,D,B
BCEFHIKL,97,74,1E,E,C
BCEFHIKL,97,82,1G,G,H
BCEFHIKL,97,77,1I,I,F
BCEFHIKL,97,87,1K,K,L
BCEFHIKL,97,80,1L,L,K
BCEFHJKL,96,79,1A,A,E
BCEFHJKL,96,85,1B,B,J
BCEFHJKL,96,81,1D,D,B
BCEFHJKL,96,74,1E,E,C
BCEFHJKL,96,82,1G,G,H
BCEFHJKL,96,77,1I,I,F
BCEFHJKL,96,87,1K,K,L
BCEFHJKL,96,80,1L,L,K
BCEFIJKL,95,79,1A,A,E
BCEFIJKL,95,85,1B,B,J
BCEFIJKL,95,81,1D,D,B
BCEFIJKL,95,74,1E,E,C
BCEFIJKL,95,82,1G,G,I
BCEFIJKL,95,77,1I,I,F
BCEFIJKL,95,87,1K,K,L
BCEFIJKL,95,80,1L,L,K
BCEGHIJK,94,79,1A,A,E
BCEGHIJK,94,85,1B,B,J
BCEGHIJK,94,81,1D,D,B
BCEGHIJK,94,74,1E,E,C
BCEGHIJK,94,82,1G,G,H
BCEGHIJK,94,77,1I,I,G
BCEGHIJK,94,87,1K,K,I
BCEGHIJK,94,80,1L,L,K
BCEGHIJL,93,79,1A,A,E
BCEGHIJL,93,85,1B,B,J
BCEGHIJL,93,81,1D,D,B
BCEGHIJL,93,74,1E,E,C
BCEGHIJL,93,82,1G,G,H
BCEGHIJL,93,77,1I,I,G
BCEGHIJL,93,87,1K,K,L
BCEGHIJL,93,80,1L,L,I
BCEGHIKL,92,79,1A,A,E
BCEGHIKL,92,85,1B,B,G
BCEGHIKL,92,81,1D,D,B
BCEGHIKL,92,74,1E,E,C
BCEGHIKL,92,82,1G,G,I
BCEGHIKL,92,77,1I,I,H
BCEGHIKL,92,87,1K,K,L
BCEGHIKL,92,80,1L,L,K
BCEGHJKL,91,79,1A,A,E
BCEGHJKL,91,85,1B,B,J
BCEGHJKL,91,81,1D,D,B
BCEGHJKL,91,74,1E,E,C
BCEGHJKL,91,82,1G,G,H
BCEGHJKL,91,77,1I,I,G
BCEGHJKL,91,87,1K,K,L
BCEGHJKL,91,80,1L,L,K
BCEGIJKL,90,79,1A,A,E
BCEGIJKL,90,85,1B,B,J
BCEGIJKL,90,81,1D,D,B
BCEGIJKL,90,74,1E,E,C
BCEGIJKL,90,82,1G,G,I
BCEGIJKL,90,77,1I,I,G
BCEGIJKL,90,87,1K,K,L
BCEGIJKL,90,80,1L,L,K
BCEHIJKL,89,79,1A,A,E
BCEHIJKL,89,85,1B,B,J
BCEHIJKL,89,81,1D,D,B
BCEHIJKL,89,74,1E,E,C
BCEHIJKL,89,82,1G,G,I
BCEHIJKL,89,77,1I,I,H
BCEHIJKL,89,87,1K,K,L
BCEHIJKL,89,80,1L,L,K
BCFGHIJK,88,79,1A,A,H
BCFGHIJK,88,85,1B,B,G
BCFGHIJK,88,81,1D,D,B
BCFGHIJK,88,74,1E,E,C
BCFGHIJK,88,82,1G,G,J
BCFGHIJK,88,77,1I,I,F
BCFGHIJK,88,87,1K,K,I
BCFGHIJK,88,80,1L,L,K
BCFGHIJL,87,79,1A,A,H
BCFGHIJL,87,85,1B,B,G
BCFGHIJL,87,81,1D,D,B
BCFGHIJL,87,74,1E,E,C
BCFGHIJL,87,82,1G,G,J
BCFGHIJL,87,77,1I,I,F
BCFGHIJL,87,87,1K,K,L
BCFGHIJL,87,80,1L,L,I
BCFGHIKL,86,79,1A,A,H
BCFGHIKL,86,85,1B,B,G
BCFGHIKL,86,81,1D,D,B
BCFGHIKL,86,74,1E,E,C
BCFGHIKL,86,82,1G,G,I
BCFGHIKL,86,77,1I,I,F
BCFGHIKL,86,87,1K,K,L
BCFGHIKL,86,80,1L,L,K
BCFGHJKL,85,79,1A,A,H
BCFGHJKL,85,85,1B,B,G
BCFGHJKL,85,81,1D,D,B
BCFGHJKL,85,74,1E,E,C
BCFGHJKL,85,82,1G,G,J
BCFGHJKL,85,77,1I,I,F
BCFGHJKL,85,87,1K,K,L
BCFGHJKL,85,80,1L,L,K
BCFGIJKL,84,79,1A,A,I
BCFGIJKL,84,85,1B,B,G
BCFGIJKL,84,81,1D,D,B
BCFGIJKL,84,74,1E,E,C
BCFGIJKL,84,82,1G,G,J
BCFGIJKL,84,77,1I,I,F
BCFGIJKL,84,87,1K,K,L
BCFGIJKL,84,80,1L,L,K
BCFHIJKL,83,79,1A,A,H
BCFHIJKL,83,85,1B,B,J
BCFHIJKL,83,81,1D,D,B
BCFHIJKL,83,74,1E,E,C
BCFHIJKL,83,82,1G,G,I
BCFHIJKL,83,77,1I,I,F
BCFHIJKL,83,87,1K,K,L
BCFHIJKL,83,80,1L,L,K
BCGHIJKL,82,79,1A,A,H
BCGHIJKL,82,85,1B,B,J
BCGHIJKL,82,81,1D,D,B
BCGHIJKL,82,74,1E,E,C
BCGHIJKL,82,82,1G,G,I
BCGHIJKL,82,77,1I,I,G
BCGHIJKL,82,87,1K,K,L
BCGHIJKL,82,80,1L,L,K
BDEFGHIJ,81,79,1A,A,H
BDEFGHIJ,81,85,1B,B,G
BDEFGHIJ,81,81,1D,D,B
BDEFGHIJ,81,74,1E,E,D
BDEFGHIJ,81,82,1G,G,J
BDEFGHIJ,81,77,1I,I,F
BDEFGHIJ,81,87,1K,K,E
BDEFGHIJ,81,80,1L,L,I
BDEFGHIK,80,79,1A,A,E
BDEFGHIK,80,85,1B,B,G
BDEFGHIK,80,81,1D,D,B
BDEFGHIK,80,74,1E,E,D
BDEFGHIK,80,82,1G,G,H
BDEFGHIK,80,77,1I,I,F
BDEFGHIK,80,87,1K,K,I
BDEFGHIK,80,80,1L,L,K
BDEFGHIL,79,79,1A,A,E
BDEFGHIL,79,85,1B,B,G
BDEFGHIL,79,81,1D,D,B
BDEFGHIL,79,74,1E,E,D
BDEFGHIL,79,82,1G,G,H
BDEFGHIL,79,77,1I,I,F
BDEFGHIL,79,87,1K,K,L
BDEFGHIL,79,80,1L,L,I
BDEFGHJK,78,79,1A,A,H
BDEFGHJK,78,85,1B,B,G
BDEFGHJK,78,81,1D,D,B
BDEFGHJK,78,74,1E,E,D
BDEFGHJK,78,82,1G,G,J
BDEFGHJK,78,77,1I,I,F
BDEFGHJK,78,87,1K,K,E
BDEFGHJK,78,80,1L,L,K
BDEFGHJL,77,79,1A,A,H
BDEFGHJL,77,85,1B,B,G
BDEFGHJL,77,81,1D,D,B
BDEFGHJL,77,74,1E,E,D
BDEFGHJL,77,82,1G,G,J
BDEFGHJL,77,77,1I,I,F
BDEFGHJL,77,87,1K,K,L
BDEFGHJL,77,80,1L,L,E
BDEFGHKL,76,79,1A,A,E
BDEFGHKL,76,85,1B,B,G
BDEFGHKL,76,81,1D,D,B
BDEFGHKL,76,74,1E,E,D
BDEFGHKL,76,82,1G,G,H
BDEFGHKL,76,77,1I,I,F
BDEFGHKL,76,87,1K,K,L
BDEFGHKL,76,80,1L,L,K
BDEFGIJK,75,79,1A,A,E
BDEFGIJK,75,85,1B,B,G
BDEFGIJK,75,81,1D,D,B
BDEFGIJK,75,74,1E,E,D
BDEFGIJK,75,82,1G,G,J
BDEFGIJK,75,77,1I,I,F
BDEFGIJK,75,87,1K,K,I
BDEFGIJK,75,80,1L,L,K
BDEFGIJL,74,79,1A,A,E
BDEFGIJL,74,85,1B,B,G
BDEFGIJL,74,81,1D,D,B
BDEFGIJL,74,74,1E,E,D
BDEFGIJL,74,82,1G,G,J
BDEFGIJL,74,77,1I,I,F
BDEFGIJL,74,87,1K,K,L
BDEFGIJL,74,80,1L,L,I
BDEFGIKL,73,79,1A,A,E
BDEFGIKL,73,85,1B,B,G
BDEFGIKL,73,81,1D,D,B
BDEFGIKL,73,74,1E,E,D
BDEFGIKL,73,82,1G,G,I
BDEFGIKL,73,77,1I,I,F
BDEFGIKL,73,87,1K,K,L
BDEFGIKL,73,80,1L,L,K
BDEFGJKL,72,79,1A,A,E
BDEFGJKL,72,85,1B,B,G
BDEFGJKL,72,81,1D,D,B
BDEFGJKL,72,74,1E,E,D
BDEFGJKL,72,82,1G,G,J
BDEFGJKL,72,77,1I,I,F
BDEFGJKL,72,87,1K,K,L
BDEFGJKL,72,80,1L,L,K
BDEFHIJK,71,79,1A,A,E
BDEFHIJK,71,85,1B,B,J
BDEFHIJK,71,81,1D,D,B
BDEFHIJK,71,74,1E,E,D
BDEFHIJK,71,82,1G,G,H
BDEFHIJK,71,77,1I,I,F
BDEFHIJK,71,87,1K,K,I
BDEFHIJK,71,80,1L,L,K
BDEFHIJL,70,79,1A,A,E
BDEFHIJL,70,85,1B,B,J
BDEFHIJL,70,81,1D,D,B
BDEFHIJL,70,74,1E,E,D
BDEFHIJL,70,82,1G,G,H
BDEFHIJL,70,77,1I,I,F
BDEFHIJL,70,87,1K,K,L
BDEFHIJL,70,80,1L,L,I
BDEFHIKL,69,79,1A,A,E
BDEFHIKL,69,85,1B,B,I
BDEFHIKL,69,81,1D,D,B
BDEFHIKL,69,74,1E,E,D
BDEFHIKL,69,82,1G,G,H
BDEFHIKL,69,77,1I,I,F
BDEFHIKL,69,87,1K,K,L
BDEFHIKL,69,80,1L,L,K
BDEFHJKL,68,79,1A,A,E
BDEFHJKL,68,85,1B,B,J
BDEFHJKL,68,81,1D,D,B
BDEFHJKL,68,74,1E,E,D
BDEFHJKL,68,82,1G,G,H
BDEFHJKL,68,77,1I,I,F
BDEFHJKL,68,87,1K,K,L
BDEFHJKL,68,80,1L,L,K
BDEFIJKL,67,79,1A,A,E
BDEFIJKL,67,85,1B,B,J
BDEFIJKL,67,81,1D,D,B
BDEFIJKL,67,74,1E,E,D
BDEFIJKL,67,82,1G,G,I
BDEFIJKL,67,77,1I,I,F
BDEFIJKL,67,87,1K,K,L
BDEFIJKL,67,80,1L,L,K
BDEGHIJK,66,79,1A,A,E
BDEGHIJK,66,85,1B,B,J
BDEGHIJK,66,81,1D,D,B
BDEGHIJK,66,74,1E,E,D
BDEGHIJK,66,82,1G,G,H
BDEGHIJK,66,77,1I,I,G
BDEGHIJK,66,87,1K,K,I
BDEGHIJK,66,80,1L,L,K
BDEGHIJL,65,79,1A,A,E
BDEGHIJL,65,85,1B,B,J
BDEGHIJL,65,81,1D,D,B
BDEGHIJL,65,74,1E,E,D
BDEGHIJL,65,82,1G,G,H
BDEGHIJL,65,77,1I,I,G
BDEGHIJL,65,87,1K,K,L
BDEGHIJL,65,80,1L,L,I
BDEGHIKL,64,79,1A,A,E
BDEGHIKL,64,85,1B,B,G
BDEGHIKL,64,81,1D,D,B
BDEGHIKL,64,74,1E,E,D
BDEGHIKL,64,82,1G,G,I
BDEGHIKL,64,77,1I,I,H
BDEGHIKL,64,87,1K,K,L
BDEGHIKL,64,80,1L,L,K
BDEGHJKL,63,79,1A,A,E
BDEGHJKL,63,85,1B,B,J
BDEGHJKL,63,81,1D,D,B
BDEGHJKL,63,74,1E,E,D
BDEGHJKL,63,82,1G,G,H
BDEGHJKL,63,77,1I,I,G
BDEGHJKL,63,87,1K,K,L
BDEGHJKL,63,80,1L,L,K
BDEGIJKL,62,79,1A,A,E
BDEGIJKL,62,85,1B,B,J
BDEGIJKL,62,81,1D,D,B
BDEGIJKL,62,74,1E,E,D
BDEGIJKL,62,82,1G,G,I
BDEGIJKL,62,77,1I,I,G
BDEGIJKL,62,87,1K,K,L
BDEGIJKL,62,80,1L,L,K
BDEHIJKL,61,79,1A,A,E
BDEHIJKL,61,85,1B,B,J
BDEHIJKL,61,81,1D,D,B
BDEHIJKL,61,74,1E,E,D
BDEHIJKL,61,82,1G,G,I
BDEHIJKL,61,77,1I,I,H
BDEHIJKL,61,87,1K,K,L
BDEHIJKL,61,80,1L,L,K
BDFGHIJK,60,79,1A,A,H
BDFGHIJK,60,85,1B,B,G
BDFGHIJK,60,81,1D,D,B
BDFGHIJK,60,74,1E,E,D
BDFGHIJK,60,82,1G,G,J
BDFGHIJK,60,77,1I,I,F
BDFGHIJK,60,87,1K,K,I
BDFGHIJK,60,80,1L,L,K
BDFGHIJL,59,79,1A,A,H
BDFGHIJL,59,85,1B,B,G
BDFGHIJL,59,81,1D,D,B
BDFGHIJL,59,74,1E,E,D
BDFGHIJL,59,82,1G,G,J
BDFGHIJL,59,77,1I,I,F
BDFGHIJL,59,87,1K,K,L
BDFGHIJL,59,80,1L,L,I
BDFGHIKL,58,79,1A,A,H
BDFGHIKL,58,85,1B,B,G
BDFGHIKL,58,81,1D,D,B
BDFGHIKL,58,74,1E,E,D
BDFGHIKL,58,82,1G,G,I
BDFGHIKL,58,77,1I,I,F
BDFGHIKL,58,87,1K,K,L
BDFGHIKL,58,80,1L,L,K
BDFGHJKL,57,79,1A,A,H
BDFGHJKL,57,85,1B,B,G
BDFGHJKL,57,81,1D,D,B
BDFGHJKL,57,74,1E,E,D
BDFGHJKL,57,82,1G,G,J
BDFGHJKL,57,77,1I,I,F
BDFGHJKL,57,87,1K,K,L
BDFGHJKL,57,80,1L,L,K
BDFGIJKL,56,79,1A,A,I
BDFGIJKL,56,85,1B,B,G
BDFGIJKL,56,81,1D,D,B
BDFGIJKL,56,74,1E,E,D
BDFGIJKL,56,82,1G,G,J
BDFGIJKL,56,77,1I,I,F
BDFGIJKL,56,87,1K,K,L
BDFGIJKL,56,80,1L,L,K
BDFHIJKL,55,79,1A,A,H
BDFHIJKL,55,85,1B,B,J
BDFHIJKL,55,81,1D,D,B
BDFHIJKL,55,74,1E,E,D
BDFHIJKL,55,82,1G,G,I
BDFHIJKL,55,77,1I,I,F
BDFHIJKL,55,87,1K,K,L
BDFHIJKL,55,80,1L,L,K
BDGHIJKL,54,79,1A,A,H
BDGHIJKL,54,85,1B,B,J
BDGHIJKL,54,81,1D,D,B
BDGHIJKL,54,74,1E,E,D
BDGHIJKL,54,82,1G,G,I
BDGHIJKL,54,77,1I,I,G
BDGHIJKL,54,87,1K,K,L
BDGHIJKL,54,80,1L,L,K
BEFGHIJK,53,79,1A,A,E
BEFGHIJK,53,85,1B,B,J
BEFGHIJK,53,81,1D,D,B
BEFGHIJK,53,74,1E,E,F
BEFGHIJK,53,82,1G,G,H
BEFGHIJK,53,77,1I,I,G
BEFGHIJK,53,87,1K,K,I
BEFGHIJK,53,80,1L,L,K
BEFGHIJL,52,79,1A,A,E
BEFGHIJL,52,85,1B,B,J
BEFGHIJL,52,81,1D,D,B
BEFGHIJL,52,74,1E,E,F
BEFGHIJL,52,82,1G,G,H
BEFGHIJL,52,77,1I,I,G
BEFGHIJL,52,87,1K,K,L
BEFGHIJL,52,80,1L,L,I
BEFGHIKL,51,79,1A,A,E
BEFGHIKL,51,85,1B,B,G
BEFGHIKL,51,81,1D,D,B
BEFGHIKL,51,74,1E,E,F
BEFGHIKL,51,82,1G,G,I
BEFGHIKL,51,77,1I,I,H
BEFGHIKL,51,87,1K,K,L
BEFGHIKL,51,80,1L,L,K
BEFGHJKL,50,79,1A,A,E
BEFGHJKL,50,85,1B,B,J
BEFGHJKL,50,81,1D,D,B
BEFGHJKL,50,74,1E,E,F
BEFGHJKL,50,82,1G,G,H
BEFGHJKL,50,77,1I,I,G
BEFGHJKL,50,87,1K,K,L
BEFGHJKL,50,80,1L,L,K
BEFGIJKL,49,79,1A,A,E
BEFGIJKL,49,85,1B,B,J
BEFGIJKL,49,81,1D,D,B
BEFGIJKL,49,74,1E,E,F
BEFGIJKL,49,82,1G,G,I
BEFGIJKL,49,77,1I,I,G
BEFGIJKL,49,87,1K,K,L
BEFGIJKL,49,80,1L,L,K
BEFHIJKL,48,79,1A,A,E
BEFHIJKL,48,85,1B,B,J
BEFHIJKL,48,81,1D,D,B
BEFHIJKL,48,74,1E,E,F
BEFHIJKL,48,82,1G,G,I
BEFHIJKL,48,77,1I,I,H
BEFHIJKL,48,87,1K,K,L
BEFHIJKL,48,80,1L,L,K
BEGHIJKL,47,79,1A,A,E
BEGHIJKL,47,85,1B,B,J
BEGHIJKL,47,81,1D,D,I
BEGHIJKL,47,74,1E,E,B
BEGHIJKL,47,82,1G,G,H
BEGHIJKL,47,77,1I,I,G
BEGHIJKL,47,87,1K,K,L
BEGHIJKL,47,80,1L,L,K
BFGHIJKL,46,79,1A,A,H
BFGHIJKL,46,85,1B,B,J
BFGHIJKL,46,81,1D,D,B
BFGHIJKL,46,74,1E,E,F
BFGHIJKL,46,82,1G,G,I
BFGHIJKL,46,77,1I,I,G
BFGHIJKL,46,87,1K,K,L
BFGHIJKL,46,80,1L,L,K
CDEFGHIJ,45,79,1A,A,C
CDEFGHIJ,45,85,1B,B,G
CDEFGHIJ,45,81,1D,D,J
CDEFGHIJ,45,74,1E,E,D
CDEFGHIJ,45,82,1G,G,H
CDEFGHIJ,45,77,1I,I,F
CDEFGHIJ,45,87,1K,K,E
CDEFGHIJ,45,80,1L,L,I
CDEFGHIK,44,79,1A,A,C
CDEFGHIK,44,85,1B,B,G
CDEFGHIK,44,81,1D,D,E
CDEFGHIK,44,74,1E,E,D
CDEFGHIK,44,82,1G,G,H
CDEFGHIK,44,77,1I,I,F
CDEFGHIK,44,87,1K,K,I
CDEFGHIK,44,80,1L,L,K
CDEFGHIL,43,79,1A,A,C
CDEFGHIL,43,85,1B,B,G
CDEFGHIL,43,81,1D,D,E
CDEFGHIL,43,74,1E,E,D
CDEFGHIL,43,82,1G,G,H
CDEFGHIL,43,77,1I,I,F
CDEFGHIL,43,87,1K,K,L
CDEFGHIL,43,80,1L,L,I
CDEFGHJK,42,79,1A,A,C
CDEFGHJK,42,85,1B,B,G
CDEFGHJK,42,81,1D,D,J
CDEFGHJK,42,74,1E,E,D
CDEFGHJK,42,82,1G,G,H
CDEFGHJK,42,77,1I,I,F
CDEFGHJK,42,87,1K,K,E
CDEFGHJK,42,80,1L,L,K
CDEFGHJL,41,79,1A,A,C
CDEFGHJL,41,85,1B,B,G
CDEFGHJL,41,81,1D,D,J
CDEFGHJL,41,74,1E,E,D
CDEFGHJL,41,82,1G,G,H
CDEFGHJL,41,77,1I,I,F
CDEFGHJL,41,87,1K,K,L
CDEFGHJL,41,80,1L,L,E
CDEFGHKL,40,79,1A,A,C
CDEFGHKL,40,85,1B,B,G
CDEFGHKL,40,81,1D,D,E
CDEFGHKL,40,74,1E,E,D
CDEFGHKL,40,82,1G,G,H
CDEFGHKL,40,77,1I,I,F
CDEFGHKL,40,87,1K,K,L
CDEFGHKL,40,80,1L,L,K
CDEFGIJK,39,79,1A,A,C
CDEFGIJK,39,85,1B,B,G
CDEFGIJK,39,81,1D,D,E
CDEFGIJK,39,74,1E,E,D
CDEFGIJK,39,82,1G,G,J
CDEFGIJK,39,77,1I,I,F
CDEFGIJK,39,87,1K,K,I
CDEFGIJK,39,80,1L,L,K
CDEFGIJL,38,79,1A,A,C
CDEFGIJL,38,85,1B,B,G
CDEFGIJL,38,81,1D,D,E
CDEFGIJL,38,74,1E,E,D
CDEFGIJL,38,82,1G,G,J
CDEFGIJL,38,77,1I,I,F
CDEFGIJL,38,87,1K,K,L
CDEFGIJL,38,80,1L,L,I
CDEFGIKL,37,79,1A,A,C
CDEFGIKL,37,85,1B,B,G
CDEFGIKL,37,81,1D,D,E
CDEFGIKL,37,74,1E,E,D
CDEFGIKL,37,82,1G,G,I
CDEFGIKL,37,77,1I,I,F
CDEFGIKL,37,87,1K,K,L
CDEFGIKL,37,80,1L,L,K
CDEFGJKL,36,79,1A,A,C
CDEFGJKL,36,85,1B,B,G
CDEFGJKL,36,81,1D,D,E
CDEFGJKL,36,74,1E,E,D
CDEFGJKL,36,82,1G,G,J
CDEFGJKL,36,77,1I,I,F
CDEFGJKL,36,87,1K,K,L
CDEFGJKL,36,80,1L,L,K
CDEFHIJK,35,79,1A,A,C
CDEFHIJK,35,85,1B,B,J
CDEFHIJK,35,81,1D,D,E
CDEFHIJK,35,74,1E,E,D
CDEFHIJK,35,82,1G,G,H
CDEFHIJK,35,77,1I,I,F
CDEFHIJK,35,87,1K,K,I
CDEFHIJK,35,80,1L,L,K
CDEFHIJL,34,79,1A,A,C
CDEFHIJL,34,85,1B,B,J
CDEFHIJL,34,81,1D,D,E
CDEFHIJL,34,74,1E,E,D
CDEFHIJL,34,82,1G,G,H
CDEFHIJL,34,77,1I,I,F
CDEFHIJL,34,87,1K,K,L
CDEFHIJL,34,80,1L,L,I
CDEFHIKL,33,79,1A,A,C
CDEFHIKL,33,85,1B,B,E
CDEFHIKL,33,81,1D,D,I
CDEFHIKL,33,74,1E,E,D
CDEFHIKL,33,82,1G,G,H
CDEFHIKL,33,77,1I,I,F
CDEFHIKL,33,87,1K,K,L
CDEFHIKL,33,80,1L,L,K
CDEFHJKL,32,79,1A,A,C
CDEFHJKL,32,85,1B,B,J
CDEFHJKL,32,81,1D,D,E
CDEFHJKL,32,74,1E,E,D
CDEFHJKL,32,82,1G,G,H
CDEFHJKL,32,77,1I,I,F
CDEFHJKL,32,87,1K,K,L
CDEFHJKL,32,80,1L,L,K
CDEFIJKL,31,79,1A,A,C
CDEFIJKL,31,85,1B,B,J
CDEFIJKL,31,81,1D,D,E
CDEFIJKL,31,74,1E,E,D
CDEFIJKL,31,82,1G,G,I
CDEFIJKL,31,77,1I,I,F
CDEFIJKL,31,87,1K,K,L
CDEFIJKL,31,80,1L,L,K
CDEGHIJK,30,79,1A,A,E
CDEGHIJK,30,85,1B,B,G
CDEGHIJK,30,81,1D,D,J
CDEGHIJK,30,74,1E,E,C
CDEGHIJK,30,82,1G,G,H
CDEGHIJK,30,77,1I,I,D
CDEGHIJK,30,87,1K,K,I
CDEGHIJK,30,80,1L,L,K
CDEGHIJL,29,79,1A,A,E
CDEGHIJL,29,85,1B,B,G
CDEGHIJL,29,81,1D,D,J
CDEGHIJL,29,74,1E,E,C
CDEGHIJL,29,82,1G,G,H
CDEGHIJL,29,77,1I,I,D
CDEGHIJL,29,87,1K,K,L
CDEGHIJL,29,80,1L,L,I
CDEGHIKL,28,79,1A,A,E
CDEGHIKL,28,85,1B,B,G
CDEGHIKL,28,81,1D,D,I
CDEGHIKL,28,74,1E,E,C
CDEGHIKL,28,82,1G,G,H
CDEGHIKL,28,77,1I,I,D
CDEGHIKL,28,87,1K,K,L
CDEGHIKL,28,80,1L,L,K
CDEGHJKL,27,79,1A,A,E
CDEGHJKL,27,85,1B,B,G
CDEGHJKL,27,81,1D,D,J
CDEGHJKL,27,74,1E,E,C
CDEGHJKL,27,82,1G,G,H
CDEGHJKL,27,77,1I,I,D
CDEGHJKL,27,87,1K,K,L
CDEGHJKL,27,80,1L,L,K
CDEGIJKL,26,79,1A,A,E
CDEGIJKL,26,85,1B,B,G
CDEGIJKL,26,81,1D,D,I
CDEGIJKL,26,74,1E,E,C
CDEGIJKL,26,82,1G,G,J
CDEGIJKL,26,77,1I,I,D
CDEGIJKL,26,87,1K,K,L
CDEGIJKL,26,80,1L,L,K
CDEHIJKL,25,79,1A,A,E
CDEHIJKL,25,85,1B,B,J
CDEHIJKL,25,81,1D,D,I
CDEHIJKL,25,74,1E,E,C
CDEHIJKL,25,82,1G,G,H
CDEHIJKL,25,77,1I,I,D
CDEHIJKL,25,87,1K,K,L
CDEHIJKL,25,80,1L,L,K
CDFGHIJK,24,79,1A,A,C
CDFGHIJK,24,85,1B,B,G
CDFGHIJK,24,81,1D,D,J
CDFGHIJK,24,74,1E,E,D
CDFGHIJK,24,82,1G,G,H
CDFGHIJK,24,77,1I,I,F
CDFGHIJK,24,87,1K,K,I
CDFGHIJK,24,80,1L,L,K
CDFGHIJL,23,79,1A,A,C
CDFGHIJL,23,85,1B,B,G
CDFGHIJL,23,81,1D,D,J
CDFGHIJL,23,74,1E,E,D
CDFGHIJL,23,82,1G,G,H
CDFGHIJL,23,77,1I,I,F
CDFGHIJL,23,87,1K,K,L
CDFGHIJL,23,80,1L,L,I
CDFGHIKL,22,79,1A,A,C
CDFGHIKL,22,85,1B,B,G
CDFGHIKL,22,81,1D,D,I
CDFGHIKL,22,74,1E,E,D
CDFGHIKL,22,82,1G,G,H
CDFGHIKL,22,77,1I,I,F
CDFGHIKL,22,87,1K,K,L
CDFGHIKL,22,80,1L,L,K
CDFGHJKL,21,79,1A,A,C
CDFGHJKL,21,85,1B,B,G
CDFGHJKL,21,81,1D,D,J
CDFGHJKL,21,74,1E,E,D
CDFGHJKL,21,82,1G,G,H
CDFGHJKL,21,77,1I,I,F
CDFGHJKL,21,87,1K,K,L
CDFGHJKL,21,80,1L,L,K
CDFGIJKL,20,79,1A,A,C
CDFGIJKL,20,85,1B,B,G
CDFGIJKL,20,81,1D,D,I
CDFGIJKL,20,74,1E,E,D
CDFGIJKL,20,82,1G,G,J
CDFGIJKL,20,77,1I,I,F
CDFGIJKL,20,87,1K,K,L
CDFGIJKL,20,80,1L,L,K
CDFHIJKL,19,79,1A,A,C
CDFHIJKL,19,85,1B,B,J
CDFHIJKL,19,81,1D,D,I
CDFHIJKL,19,74,1E,E,D
CDFHIJKL,19,82,1G,G,H
CDFHIJKL,19,77,1I,I,F
CDFHIJKL,19,87,1K,K,L
CDFHIJKL,19,80,1L,L,K
CDGHIJKL,18,79,1A,A,H
CDGHIJKL,18,85,1B,B,G
CDGHIJKL,18,81,1D,D,I
CDGHIJKL,18,74,1E,E,C
CDGHIJKL,18,82,1G,G,J
CDGHIJKL,18,77,1I,I,D
CDGHIJKL,18,87,1K,K,L
CDGHIJKL,18,80,1L,L,K
CEFGHIJK,17,79,1A,A,E
CEFGHIJK,17,85,1B,B,G
CEFGHIJK,17,81,1D,D,J
CEFGHIJK,17,74,1E,E,C
CEFGHIJK,17,82,1G,G,H
CEFGHIJK,17,77,1I,I,F
CEFGHIJK,17,87,1K,K,I
CEFGHIJK,17,80,1L,L,K
CEFGHIJL,16,79,1A,A,E
CEFGHIJL,16,85,1B,B,G
CEFGHIJL,16,81,1D,D,J
CEFGHIJL,16,74,1E,E,C
CEFGHIJL,16,82,1G,G,H
CEFGHIJL,16,77,1I,I,F
CEFGHIJL,16,87,1K,K,L
CEFGHIJL,16,80,1L,L,I
CEFGHIKL,15,79,1A,A,E
CEFGHIKL,15,85,1B,B,G
CEFGHIKL,15,81,1D,D,I
CEFGHIKL,15,74,1E,E,C
CEFGHIKL,15,82,1G,G,H
CEFGHIKL,15,77,1I,I,F
CEFGHIKL,15,87,1K,K,L
CEFGHIKL,15,80,1L,L,K
CEFGHJKL,14,79,1A,A,E
CEFGHJKL,14,85,1B,B,G
CEFGHJKL,14,81,1D,D,J
CEFGHJKL,14,74,1E,E,C
CEFGHJKL,14,82,1G,G,H
CEFGHJKL,14,77,1I,I,F
CEFGHJKL,14,87,1K,K,L
CEFGHJKL,14,80,1L,L,K
CEFGIJKL,13,79,1A,A,E
CEFGIJKL,13,85,1B,B,G
CEFGIJKL,13,81,1D,D,I
CEFGIJKL,13,74,1E,E,C
CEFGIJKL,13,82,1G,G,J
CEFGIJKL,13,77,1I,I,F
CEFGIJKL,13,87,1K,K,L
CEFGIJKL,13,80,1L,L,K
CEFHIJKL,12,79,1A,A,E
CEFHIJKL,12,85,1B,B,J
CEFHIJKL,12,81,1D,D,I
CEFHIJKL,12,74,1E,E,C
CEFHIJKL,12,82,1G,G,H
CEFHIJKL,12,77,1I,I,F
CEFHIJKL,12,87,1K,K,L
CEFHIJKL,12,80,1L,L,K
CEGHIJKL,11,79,1A,A,E
CEGHIJKL,11,85,1B,B,J
CEGHIJKL,11,81,1D,D,I
CEGHIJKL,11,74,1E,E,C
CEGHIJKL,11,82,1G,G,H
CEGHIJKL,11,77,1I,I,G
CEGHIJKL,11,87,1K,K,L
CEGHIJKL,11,80,1L,L,K
CFGHIJKL,10,79,1A,A,H
CFGHIJKL,10,85,1B,B,G
CFGHIJKL,10,81,1D,D,I
CFGHIJKL,10,74,1E,E,C
CFGHIJKL,10,82,1G,G,J
CFGHIJKL,10,77,1I,I,F
CFGHIJKL,10,87,1K,K,L
CFGHIJKL,10,80,1L,L,K
DEFGHIJK,9,79,1A,A,E
DEFGHIJK,9,85,1B,B,G
DEFGHIJK,9,81,1D,D,J
DEFGHIJK,9,74,1E,E,D
DEFGHIJK,9,82,1G,G,H
DEFGHIJK,9,77,1I,I,F
DEFGHIJK,9,87,1K,K,I
DEFGHIJK,9,80,1L,L,K
DEFGHIJL,8,79,1A,A,E
DEFGHIJL,8,85,1B,B,G
DEFGHIJL,8,81,1D,D,J
DEFGHIJL,8,74,1E,E,D
DEFGHIJL,8,82,1G,G,H
DEFGHIJL,8,77,1I,I,F
DEFGHIJL,8,87,1K,K,L
DEFGHIJL,8,80,1L,L,I
DEFGHIKL,7,79,1A,A,E
DEFGHIKL,7,85,1B,B,G
DEFGHIKL,7,81,1D,D,I
DEFGHIKL,7,74,1E,E,D
DEFGHIKL,7,82,1G,G,H
DEFGHIKL,7,77,1I,I,F
DEFGHIKL,7,87,1K,K,L
DEFGHIKL,7,80,1L,L,K
DEFGHJKL,6,79,1A,A,E
DEFGHJKL,6,85,1B,B,G
DEFGHJKL,6,81,1D,D,J
DEFGHJKL,6,74,1E,E,D
DEFGHJKL,6,82,1G,G,H
DEFGHJKL,6,77,1I,I,F
DEFGHJKL,6,87,1K,K,L
DEFGHJKL,6,80,1L,L,K
DEFGIJKL,5,79,1A,A,E
DEFGIJKL,5,85,1B,B,G
DEFGIJKL,5,81,1D,D,I
DEFGIJKL,5,74,1E,E,D
DEFGIJKL,5,82,1G,G,J
DEFGIJKL,5,77,1I,I,F
DEFGIJKL,5,87,1K,K,L
DEFGIJKL,5,80,1L,L,K
DEFHIJKL,4,79,1A,A,E
DEFHIJKL,4,85,1B,B,J
DEFHIJKL,4,81,1D,D,I
DEFHIJKL,4,74,1E,E,D
DEFHIJKL,4,82,1G,G,H
DEFHIJKL,4,77,1I,I,F
DEFHIJKL,4,87,1K,K,L
DEFHIJKL,4,80,1L,L,K
DEGHIJKL,3,79,1A,A,E
DEGHIJKL,3,85,1B,B,J
DEGHIJKL,3,81,1D,D,I
DEGHIJKL,3,74,1E,E,D
DEGHIJKL,3,82,1G,G,H
DEGHIJKL,3,77,1I,I,G
DEGHIJKL,3,87,1K,K,L
DEGHIJKL,3,80,1L,L,K
DFGHIJKL,2,79,1A,A,H
DFGHIJKL,2,85,1B,B,G
DFGHIJKL,2,81,1D,D,I
DFGHIJKL,2,74,1E,E,D
DFGHIJKL,2,82,1G,G,J
DFGHIJKL,2,77,1I,I,F
DFGHIJKL,2,87,1K,K,L
DFGHIJKL,2,80,1L,L,K
EFGHIJKL,1,79,1A,A,E
EFGHIJKL,1,85,1B,B,J
EFGHIJKL,1,81,1D,D,I
EFGHIJKL,1,74,1E,E,F
EFGHIJKL,1,82,1G,G,H
EFGHIJKL,1,77,1I,I,G
EFGHIJKL,1,87,1K,K,L
EFGHIJKL,1,80,1L,L,K
