rank,player_name,team,position_group,minutes,value_share,minutes_weight,overachievement_mult,shrinkage,carry_score,vaep_raw
1,Cody Mathès Gakpo,Netherlands,FWD,558,0.2311442199705896,1.0,3.377564209458497,0.6739130434782609,0.5261269083146048,2.7749369865301325
2,Ivan Schranz,Slovakia,FWD,349,0.5094488997285694,0.9694444444444444,1.7557945012997307,0.5638126009693053,0.4889134865655948,3.2036414448682304
3,Jules Koundé,France,DEF,607,0.2107344568580146,1.0,2.966450983561978,0.6921322690992018,0.43267502411383346,1.512886751755081
4,Jude Bellingham,England,MID,707,0.15021933789070738,1.0,3.777335837641361,0.7236438075742068,0.4106164014171723,1.6993820744358474
5,Harry Kane,England,FWD,629,0.1472197763553498,0.9984126984126984,3.777335837641361,0.699666295884316,0.38846581099074684,1.665449019105364
6,Scott McTominay,Scotland,MID,295,0.23266521720822575,1.0,3.0004757767029426,0.5221238938053098,0.36449800487223005,0.9060925018149824
7,Stefan de Vrij,Netherlands,DEF,584,0.14716039635216163,1.0,3.377564209458497,0.6838407494145199,0.3398987279355645,1.766692789644519
8,Žan Karničnik,Slovenia,DEF,412,0.30807982810197815,1.0,1.7557945012997307,0.6041055718475073,0.32677572679595546,1.1283802054355165
9,Erik Janža,Slovenia,DEF,281,0.41096937639202036,0.7805555555555556,1.7557945012997307,0.5099818511796733,0.2872378624590835,1.5052258118224926
10,Xavi Simons,Netherlands,MID,480,0.12996719805043092,0.8888888888888888,3.377564209458497,0.64,0.2497266099420385,1.5602846783350943
11,Barnabás Varga,Hungary,FWD,261,0.24068251838171298,0.9666666666666667,2.1782493249099044,0.4915254237288136,0.2491006522070912,0.7487125951582779
12,Declan Rice,England,MID,733,0.08869701873363946,1.0,3.777335837641361,0.7308075772681955,0.24484862153286716,1.003400266625537
13,Alessandro Bastoni,Italy,DEF,390,0.22868470493834966,1.0,1.7557945012997307,0.5909090909090909,0.23726379622760793,1.6576593766723697
14,Khvicha Kvaratskhelia,Georgia,FWD,361,0.2345371019429047,1.0,1.7557945012997307,0.572107765451664,0.23559337935516267,1.2121210778024492
15,Vladimír Coufal,Czech Republic,DEF,296,0.24391979331466865,1.0,1.7671360990133853,0.5229681978798587,0.22541993590273765,1.5067539538804828
16,Jerdy Schouten,Netherlands,MID,535,0.09983178516987927,0.9907407407407407,3.377564209458497,0.6645962732919255,0.22201911898453966,1.1985024463708276
17,Nicolò Barella,Italy,MID,357,0.21970242553794356,0.9916666666666667,1.7557945012997307,0.569377990430622,0.217808551497769,1.5925498203686883
18,Kristjan Asllani,Albania,MID,291,0.2355407417471575,1.0,1.7671360990133853,0.5187165775401069,0.21590672251545312,0.8583977316814222
19,Michel Aebischer,Switzerland,DEF,504,0.18602616218618523,1.0,1.744452903586076,0.6511627906976745,0.21131136291913077,1.7207521007148736
20,Fabián Ruiz Peña,Spain,MID,574,0.1544598832090703,0.9111111111111111,2.1328829340552846,0.6800947867298578,0.20413783764726484,2.2922234032868793
21,Theo Bernard François Hernández,France,DEF,607,0.09938563620719366,1.0,2.966450983561978,0.6921322690992018,0.20405624777104778,0.7135008416488818
22,Lamine Yamal Nasraoui Ebana,Spain,FWD,526,0.16751498544758123,0.834920634920635,2.1328829340552846,0.6608040201005025,0.1971235693370455,2.4859643945506895
23,Nedim Bajrami,Albania,MID,257,0.23969534823026495,0.9518518518518518,1.7671360990133853,0.4876660341555977,0.1966171840183103,0.8735386570036182
24,Bukayo Saka,England,FWD,662,0.07151607803301928,1.0,3.777335837641361,0.7103004291845494,0.1918807316237683,0.8090379224789961
25,Dayotchanculle Upamecano,France,DEF,607,0.09262894080571729,1.0,2.966450983561978,0.6921322690992018,0.19018355989004626,0.6649937531027246
26,John Stones,England,DEF,733,0.06576362754443396,1.0,3.777335837641361,0.7308075772681955,0.1815408655347354,0.7439623377929958
27,Samet Akaydin,Turkey,DEF,355,0.15453142537700487,0.7888888888888889,2.566679355379114,0.568,0.1777266696668892,1.5105893293654873
28,Mykola Shaparenko,Ukraine,MID,227,0.2609855281052236,0.8407407407407408,1.7671360990133853,0.4567404426559356,0.17709976552117057,1.2848506720423518
29,Ondrej Duda,Slovakia,MID,333,0.19735195575040823,0.925,1.7557945012997307,0.5522388059701493,0.1770042822304827,1.241036942085191
30,Morten Hjulmand,Denmark,MID,248,0.3017015890361747,0.6888888888888889,1.7557945012997307,0.47876447876447875,0.17471185839953515,0.9384123052445345
31,Tomáš Souček,Czech Republic,MID,296,0.1877682364343616,1.0,1.7671360990133853,0.5229681978798587,0.1735271387631931,1.1598916546131135
32,Guram Kashia,Georgia,DEF,389,0.16653708993682018,1.0,1.7557945012997307,0.590288315629742,0.17260319990121736,0.8606873508543782
33,Virgil van Dijk,Netherlands,DEF,584,0.07108322495648044,1.0,3.377564209458497,0.6838407494145199,0.164182064870542,0.8533696844276585
34,Georges Mikautadze,Georgia,FWD,366,0.15936946900308957,1.0,1.7557945012997307,0.5754716981132075,0.16102851206029845,0.8236440671286847
35,Timi Elšnik,Slovenia,MID,372,0.1577510676266904,1.0,1.7557945012997307,0.5794392523364486,0.1604921901029206,0.5777826584522624
36,Grant Campbell Hanley,Scotland,DEF,250,0.1198908030646883,0.9259259259259259,3.0004757767029426,0.4807692307692308,0.16013597331065713,0.4669032999301717
37,Breel-Donald Embolo,Switzerland,FWD,315,0.24061995530946134,0.7,1.744452903586076,0.5384615384615384,0.15821352927166724,2.2257476513345114
38,Kylian Mbappé Lottin,France,FWD,486,0.09132962510417073,0.9,2.966450983561978,0.6428571428571429,0.1567493810979124,0.655665817175561
39,Willi Orban,Hungary,DEF,296,0.1364693463153156,1.0,2.1782493249099044,0.5229681978798587,0.15545975512145005,0.42452737791801776
40,Andrei Florin Ratiu,Romania,DEF,379,0.19768610654245383,1.0,1.3446812754032118,0.5839753466872111,0.15523513316891488,0.9929322901248379
41,Ferdi Erenay Kadıoğlu,Turkey,DEF,487,0.09303106089453386,1.0,2.566679355379114,0.6433289299867899,0.15361466309011546,0.909405498227842
42,Răzvan Gabriel Marin,Romania,MID,376,0.19533970649311405,1.0,1.3446812754032118,0.5820433436532507,0.15288511883851805,0.9811468570699375
43,Christian Dannemann Eriksen,Denmark,MID,364,0.1494221566324694,1.0,1.7557945012997307,0.5741324921135647,0.15062630088249182,0.4647625188453113
44,Pierre-Emile Højbjerg,Denmark,MID,373,0.14638166076694276,1.0,1.7557945012997307,0.5800933125972006,0.14909332957933713,0.45530536370280644
45,Andreas Christensen,Denmark,DEF,369,0.1469722213892583,1.0,1.7557945012997307,0.5774647887323944,0.149016531612982,0.4571422428413758
46,Milos Veljkovic,Serbia,DEF,288,0.21190898364406485,1.0,1.3560228731168664,0.5161290322580645,0.14831144714338057,0.8324886445845946
47,Andrew Robertson,Scotland,DEF,282,0.09270547687394416,1.0,3.0004757767029426,0.5108695652173914,0.1421037529697209,0.3610326394318183
48,Luka Modrić,Croatia,MID,245,0.15092824508350947,0.9074074074074074,2.1782493249099044,0.47572815533980584,0.1419185894388964,0.6590482031597372
49,N'Golo Kanté,France,MID,538,0.07164789923182802,0.9962962962962963,2.966450983561978,0.6658415841584159,0.14099381715928738,0.5143684576079955
50,Kyle Walker,England,DEF,733,0.05094958098052774,1.0,3.777335837641361,0.7308075772681955,0.14064660626556238,0.5763758903086103
51,Granit Xhaka,Switzerland,MID,509,0.12310299477840682,1.0,1.744452903586076,0.6534017971758665,0.140316321862386,1.1387093857111603
52,Lukáš Provod,Czech Republic,MID,241,0.18552840797058515,0.8925925925925926,1.7671360990133853,0.47162426614481406,0.1380161274372698,1.146055670464605
53,Bernardo Mota Veiga de Carvalho e Silva,Portugal,FWD,440,0.1286373878936079,0.9777777777777777,1.744452903586076,0.6197183098591549,0.13597559007603705,1.182877121441216
54,Nicholas Williams Arthuer,Spain,FWD,514,0.11847056425918276,0.8158730158730159,2.1328829340552846,0.6556122448979592,0.1351596635758555,1.7581328844327004
55,Denis Vavro,Slovakia,DEF,425,0.12266307237584415,1.0,1.7557945012997307,0.6115107913669064,0.1317017811449873,0.7713599982795063
56,Mateo Kovačić,Croatia,MID,234,0.14509395507226044,0.8666666666666667,2.1782493249099044,0.4642857142857143,0.12717282580168435,0.6335720018927115
57,Kobbie Mainoo,England,MID,387,0.09281955917441914,0.6142857142857143,3.777335837641361,0.589041095890411,0.12686479194997421,1.0500372138027037
58,Merih Demiral,Turkey,DEF,236,0.19805392835310132,0.5244444444444445,2.566679355379114,0.466403162055336,0.12434148612319934,1.9360343702209255
59,William Saliba,France,DEF,607,0.05881127379188736,1.0,2.966450983561978,0.6921322690992018,0.1207499223689596,0.422212856407888
60,Timothy Castagne,Belgium,DEF,379,0.148801456751568,1.0,1.3446812754032118,0.5839753466872111,0.11684793817110029,0.8979218989814942
61,Remo Freuler,Switzerland,MID,472,0.10289716822092523,1.0,1.744452903586076,0.6361185983827493,0.11418282014612288,0.9518043929571418
62,Adrien Rabiot,France,MID,386,0.09138187799225395,0.7148148148148148,2.966450983561978,0.5884146341463414,0.11401822238082117,0.6560409466313734
63,Nikola Milenković,Serbia,DEF,288,0.16262862821760474,1.0,1.3560228731168664,0.5161290322580645,0.11382097532216313,0.6388897910195683
64,Andrej Kramarić,Croatia,FWD,246,0.11712953906828409,0.9111111111111111,2.1782493249099044,0.47674418604651164,0.11082322158542617,0.5114616698628476
65,Tomáš Holeš,Czech Republic,DEF,293,0.11912094335679377,1.0,1.7671360990133853,0.5204262877442274,0.10955125277480544,0.7358400478852335
66,Oleksandr Zinchenko,Ukraine,DEF,229,0.1570774371291708,0.8481481481481481,1.7671360990133853,0.4589178356713427,0.1080414639868019,0.7733036085308745
67,Ruben Vargas,Switzerland,MID,317,0.1580603090677126,0.7044444444444444,1.744452903586076,0.5400340715502555,0.1048938401499897,1.4620664409326118
68,Bendegúz Bolla,Hungary,DEF,216,0.13156589400480015,0.8,2.1782493249099044,0.4444444444444444,0.10189629148342184,0.4092737710946988
69,Abdülkerim Bardakcı,Turkey,DEF,387,0.07562294020470059,0.86,2.566679355379114,0.589041095890411,0.09832619262494816,0.7392360890334726
70,Giovanni Di Lorenzo,Italy,DEF,390,0.09475871712866321,1.0,1.7557945012997307,0.5909090909090909,0.09831358401370024,0.6868744283187601
71,Denis Mihai Drăguş,Romania,FWD,301,0.16570693578097748,0.8361111111111111,1.3446812754032118,0.5271453590192644,0.09820970942150362,0.8323081986504739
72,Hakan Çalhanoğlu,Turkey,MID,373,0.07928127147763292,0.8288888888888889,2.566679355379114,0.5800933125972006,0.09784449609043062,0.7749973341698161
73,Donyell Malen,Netherlands,FWD,204,0.17512911793305952,0.37777777777777777,3.377564209458497,0.43037974683544306,0.09617234541828933,2.1024634180023134
74,Stefan Posch,Austria,DEF,390,0.17104925447698482,1.0,0.9335680495066926,0.5909090909090909,0.09435997933324929,0.9292312922445362
75,Josip Šutalo,Croatia,DEF,295,0.08214573875341355,1.0,2.1782493249099044,0.5221238938053098,0.0934256645933368,0.3587002651008863
76,Daniel Olmo Carvajal,Spain,MID,461,0.0922389546542679,0.7317460317460317,2.1328829340552846,0.6306429548563611,0.09078734508748458,1.3688492193603718
77,Kieran Trippier,England,DEF,463,0.051394802049378824,0.734920634920635,3.777335837641361,0.6316507503410641,0.09012022237341129,0.5814125301593143
78,Daniel Carvajal Ramos,Spain,DEF,504,0.0808567593183504,0.8,2.1328829340552846,0.6511627906976745,0.08983858711604661,1.1999345860736315
79,Jakub Piotr Kiwior,Poland,DEF,288,0.07910829199808317,1.0,2.1782493249099044,0.5161290322580645,0.08893810768495497,0.345985137951432
80,Rúben Santos Gato Alves Dias,Portugal,DEF,440,0.08386990358273358,0.9777777777777777,1.744452903586076,0.6197183098591549,0.08865431594984384,0.7712204962335522
81,Marc Guehi,England,DEF,610,0.03485881273746651,0.9682539682539683,3.777335837641361,0.6931818181818182,0.08837606059794649,0.39434630942965354
82,Mert Müldür,Turkey,DEF,365,0.07151211561143522,0.8111111111111111,2.566679355379114,0.5748031496062992,0.08557575386612108,0.6990515909591805
83,Randal Kolo Muani,France,FWD,219,0.15794965421723514,0.40555555555555556,2.966450983561978,0.44785276073619634,0.08510233316182104,1.1339386205387088
84,Rafael Alexandre Conceição Leão,Portugal,FWD,293,0.1435763403927565,0.6511111111111111,1.744452903586076,0.5204262877442274,0.08487044131562047,1.320247332535327
85,Nicola Zalewski,Poland,DEF,260,0.08238682549110246,0.9629629629629629,2.1782493249099044,0.49056603773584906,0.0847759020105141,0.36032401235018846
86,Che Adams,Scotland,FWD,213,0.08077814121145653,0.7888888888888889,3.0004757767029426,0.4409937888198758,0.08432032898937196,0.31458276806691027
87,Vitor Machado Ferreira,Portugal,MID,363,0.10364961503606047,0.8066666666666666,1.744452903586076,0.5734597156398105,0.08364191521530936,0.9531036060351916
88,Barış Alper Yılmaz,Turkey,FWD,487,0.04728921039987758,1.0,2.566679355379114,0.6433289299867899,0.07808484664718686,0.46226569417772523
89,Marc Cucurella Saseta,Spain,DEF,588,0.05610119438695351,0.9333333333333333,2.1328829340552846,0.6853146853146853,0.07653603183254375,0.8325557941284899
90,Heorhii Tsitaishvili,Georgia,DEF,203,0.1766621052702357,0.5638888888888889,1.7557945012997307,0.42917547568710357,0.0750663882174276,0.913014869174672
91,Amadou Onana,Belgium,MID,385,0.09346506118843642,1.0,1.3446812754032118,0.5877862595419847,0.0738733989443279,0.5640020404562204
92,Marcel Sabitzer,Austria,FWD,390,0.13185108837494797,1.0,0.9335680495066926,0.5909090909090909,0.07273616019063416,0.7162858301202761
93,Mykola Matvienko,Ukraine,DEF,288,0.07736551751184283,1.0,1.7671360990133853,0.5161290322580645,0.07056278648466048,0.3808760504449061
94,Federico Dimarco,Italy,DEF,239,0.12043507085269352,0.6638888888888889,1.7557945012997307,0.46954813359528486,0.06591771977713894,0.8729937777560987
95,Francisco Fernandes Conceição,Portugal,MID,201,0.1949512856067139,0.44666666666666666,1.744452903586076,0.4267515923566879,0.06482522702150904,1.7926624546392316
96,João Pedro Cavaco Cancelo,Portugal,DEF,353,0.08217871882841227,0.7844444444444445,1.744452903586076,0.5666131621187801,0.06371878200258146,0.7556693117235606
97,Strahinja Pavlović,Serbia,DEF,288,0.08917725633391893,1.0,1.3560228731168664,0.5161290322580645,0.06241362547127743,0.35033461997011667
98,Christoph Baumgartner,Austria,MID,311,0.14201055627542736,0.8638888888888889,0.9335680495066926,0.5352839931153184,0.061306814881029424,0.7714775087659705
99,Fabian Lukas Schär,Switzerland,DEF,509,0.05149439373216054,1.0,1.744452903586076,0.6534017971758665,0.05869478592325583,0.4763259379665599
100,Antoine Griezmann,France,MID,416,0.04203465729043138,0.7703703703703704,2.966450983561978,0.6064139941690962,0.05825235309390465,0.3017716090544506
101,Jan Bednarek,Poland,DEF,288,0.05170405774077868,1.0,2.1782493249099044,0.5161290322580645,0.05812868586784716,0.22613097942407315
102,Aymeric Laporte,Spain,DEF,564,0.04408484781540112,0.8952380952380953,2.1328829340552846,0.6762589928057554,0.056925646700642304,0.6542301974683147
103,Jaka Bijol,Slovenia,DEF,412,0.0487190028414618,1.0,1.7557945012997307,0.6041055718475073,0.05167552728256887,0.17843933104463192
104,Denzel Dumfries,Netherlands,DEF,482,0.026699324930691232,0.8925925925925926,3.377564209458497,0.6409574468085106,0.0515924759946773,0.3205312435456449
105,Stanislav Lobotka,Slovakia,MID,425,0.04753449613384647,1.0,1.7557945012997307,0.6115107913669064,0.0510371840962459,0.2989180700094842
106,Saša Lukić,Serbia,MID,212,0.10816638124722511,0.7851851851851852,1.3560228731168664,0.43983402489626555,0.050654756857477536,0.4249337737628519
107,Anthony Ralston,Scotland,DEF,276,0.03257866971564552,1.0,3.0004757767029426,0.5054945054945055,0.049412850864549517,0.12687452255501822
108,Callum McGregor,Scotland,MID,268,0.03328603092704845,0.9925925925925926,3.0004757767029426,0.49814126394052044,0.04938279713857979,0.129629273339934
109,Nuno Mendes,Portugal,DEF,434,0.046708984181462576,0.9644444444444444,1.744452903586076,0.6164772727272727,0.048445557438923245,0.429509566843103
110,Bruno Miguel Borges Fernandes,Portugal,MID,390,0.053440968816075574,0.8666666666666667,1.744452903586076,0.5909090909090909,0.04774262968018139,0.49141311398884857
111,Joachim Andersen,Denmark,DEF,384,0.046119846115956806,1.0,1.7557945012997307,0.5871559633027523,0.047546112123999534,0.14345112085574369
112,Kléper Laveran Lima Ferreira,Portugal,DEF,423,0.04690109878086986,0.94,1.744452903586076,0.6103896103896104,0.046943693067743306,0.4312761447257452
113,Artem Dovbyk,Ukraine,FWD,259,0.05538001228843812,0.9592592592592593,1.7671360990133853,0.4896030245746692,0.0459624466176737,0.27263981464070025
114,Wout Faes,Belgium,DEF,385,0.05603412057784214,1.0,1.3446812754032118,0.5877862595419847,0.04428853831910442,0.33813018404125167
115,Marin Pongracic,Croatia,DEF,196,0.0641007956889872,0.725925925925926,2.1782493249099044,0.4206008583690987,0.04263178043054187,0.27990462750402856
116,Illia Zabarnyi,Ukraine,DEF,288,0.04649299846898998,1.0,1.7671360990133853,0.5161290322580645,0.04240488048822,0.22888840144447148
117,Georgiy Sudakov,Ukraine,MID,276,0.04719056412655375,1.0,1.7671360990133853,0.5054945054945055,0.04215427332350113,0.23232256773875398
118,Rodrigo Hernández Cascante,Spain,MID,555,0.03329999397166853,0.8809523809523809,2.1328829340552846,0.6727272727272727,0.04209229858467799,0.49418026173082225
119,Kevin De Bruyne,Belgium,MID,385,0.05152445981090661,1.0,1.3446812754032118,0.5877862595419847,0.040724169294964425,0.31091725717878377
120,Jeremy Doku,Belgium,FWD,329,0.059383284878420206,0.9138888888888889,1.3446812754032118,0.5492487479131887,0.04008169211773771,0.3583402547920838
121,Kevin Danso,Austria,DEF,232,0.14008746174613212,0.6444444444444445,0.9335680495066926,0.46215139442231074,0.03895067589321784,0.761030227834934
122,Arthur Theate,Belgium,DEF,266,0.07384921153085496,0.7388888888888889,1.3446812754032118,0.4962686567164179,0.036413397581320124,0.4456328970406574
123,Alexander Hartmann Bah,Denmark,DEF,293,0.047569264766134024,0.8138888888888889,1.7557945012997307,0.5204262877442274,0.03537728242423442,0.14795939110093
124,Giorgi Chakvetadze,Georgia,MID,253,0.05437687013429802,0.7027777777777777,1.7557945012997307,0.4837476099426386,0.03245822330882928,0.2810273934857201
125,Nicușor Silviu Bancu,Romania,DEF,288,0.05720540605204804,0.8,1.3446812754032118,0.5161290322580645,0.031761770681817424,0.28732972606035456
126,Jasir Asani,Albania,FWD,214,0.050225660062535836,0.7925925925925926,1.7671360990133853,0.44214876033057854,0.031103844536151982,0.18304091406897022
127,Lasha Dvali,Georgia,DEF,389,0.029703207562526986,1.0,1.7557945012997307,0.590288315629742,0.03078514626722009,0.15351039842576716
128,Otar Kakabadze,Georgia,DEF,389,0.027303491315314204,1.0,1.7557945012997307,0.590288315629742,0.028298020406662523,0.14110832378642202
129,Tijjani Reijnders,Netherlands,MID,527,0.012635897784420664,0.975925925925926,3.377564209458497,0.6612296110414053,0.027540946861289287,0.15169672044779886
130,Federico Chiesa,Italy,FWD,282,0.03766586638881859,0.7833333333333333,1.7557945012997307,0.5108695652173914,0.026465389147213997,0.27302733961480286
131,Billy Gilmour,Scotland,MID,191,0.03008383805157753,0.7074074074074074,3.0004757767029426,0.41431670281995664,0.026456074936425843,0.11715863854267139
132,Andraž Šporar,Slovenia,FWD,352,0.02712708484497297,0.9777777777777777,1.7557945012997307,0.5659163987138264,0.026355378144804723,0.09935627969808239
133,Arda Güler,Turkey,FWD,360,0.02197132717762001,0.8,2.566679355379114,0.5714285714285714,0.025779818000949643,0.21477607098710888
134,Jan Vertonghen,Belgium,DEF,285,0.045927234667383944,0.7916666666666666,1.3446812754032118,0.5135135135135135,0.025106368004807703,0.27714157285675595
135,Marcelo Brozović,Croatia,MID,241,0.026738987007132904,0.8925925925925926,2.1782493249099044,0.47162426614481406,0.024518955147073678,0.11675933375897925
136,Berat Djimsiti,Albania,DEF,291,0.026156069590736825,1.0,1.7671360990133853,0.5187165775401069,0.02397577258750502,0.09532240851347693
137,Ivan Ilić,Serbia,MID,214,0.05033199629974035,0.7925925925925926,1.3560228731168664,0.44214876033057854,0.023918260527061527,0.197730245590658
138,Peter Pekarík,Slovakia,DEF,409,0.022151397819631297,1.0,1.7557945012997307,0.6023564064801178,0.023427629922702347,0.13929784941049883
139,Jorge Luiz Frello Filho,Italy,MID,223,0.04752489156526548,0.6194444444444445,1.7557945012997307,0.45233265720081134,0.02338057164541174,0.34449213448594207
140,Oleksandr Tymchyk,Ukraine,DEF,215,0.03669892232179153,0.7962962962962963,1.7671360990133853,0.44329896907216493,0.0228925792868582,0.18067145466155127
141,Mikel Oyarzabal Ugarte,Spain,FWD,234,0.06072549492851099,0.37142857142857144,2.1328829340552846,0.4642857142857143,0.022335655952417176,0.9011815738776733
142,Robin Aime Robert Le Normand,Spain,DEF,468,0.020180521413369998,0.7428571428571429,2.1328829340552846,0.6341463414634146,0.020276556273651523,0.299483998778152
143,Silvan Widmer,Switzerland,DEF,312,0.031192524067569585,0.6933333333333334,1.744452903586076,0.5360824742268041,0.02022476375839385,0.28853254125701483
144,Anzor Mekvabishvili,Georgia,MID,203,0.04163855351545239,0.5638888888888889,1.7557945012997307,0.42917547568710357,0.017692848266592568,0.21519396269154753
145,Andrei Burcă Andonie,Romania,DEF,385,0.022147855634408728,1.0,1.3446812754032118,0.5877862595419847,0.01750533679899287,0.11124363467447336
146,Luke Shaw,England,DEF,195,0.03147281562164733,0.30952380952380953,3.777335837641361,0.41935483870967744,0.015431101111130966,0.35604163518790577
147,Jamal Musiala,Germany,FWD,443,0.23866198514407855,0.9844444444444445,0.1,0.6213183730715287,0.01459784195809265,3.004071629117829
148,Álvaro Borja Morata Martín,Spain,FWD,467,0.013448449748377835,0.7412698412698413,2.1328829340552846,0.6336499321573948,0.013473020408866821,0.19957836695650807
149,Róbert Boženík,Slovakia,FWD,225,0.02470611360777189,0.625,1.7557945012997307,0.45454545454545453,0.012323539324151232,0.15536303942878524
150,Dan Ndoye,Switzerland,DEF,418,0.012278015880082123,0.9288888888888889,1.744452903586076,0.6075581395348837,0.012087571366618479,0.11357231353897633
151,Joey Veerman,Netherlands,MID,233,0.014945715774758592,0.43148148148148147,3.377564209458497,0.46322067594433397,0.010089518246684992,0.17942659132389935
152,Milan Škriniar,Slovakia,DEF,425,0.008496852091632597,1.0,1.7557945012997307,0.6115107913669064,0.009122962053035095,0.053431988028971256
153,Joshua Kimmich,Germany,DEF,519,0.10969859074155087,1.0,0.1,0.6577946768060836,0.00721591490429213,1.3807914318736532
154,Florian Wirtz,Germany,FWD,303,0.200562216504978,0.6733333333333333,0.1,0.5287958115183246,0.007141134975802026,2.5245045377120494
155,Dennis Man,Romania,MID,284,0.012946458182055427,0.7888888888888889,1.3446812754032118,0.5126353790613718,0.007040358023017362,0.06502711089083588
156,Marko Arnautović,Austria,FWD,297,0.014183431222262378,0.825,0.9335680495066926,0.5238095238095238,0.005722089231425205,0.07705200565429962
157,Josip Stanišić,Croatia,DEF,196,0.008011892636791966,0.725925925925926,2.1782493249099044,0.4206008583690987,0.005328502463245895,0.034984991995798374
158,Nathan Aké,Netherlands,DEF,493,0.0025167726724154254,0.912962962962963,3.377564209458497,0.6461336828309305,0.005014448142845776,0.030214407162171164
159,Florian Grillitsch,Austria,MID,201,0.021344488715956737,0.5583333333333333,0.9335680495066926,0.4267515923566879,0.004747887753850797,0.1159547107789126
160,Maximilian Mittelstädt,Germany,DEF,327,0.11574044569037789,0.7266666666666667,0.1,0.5477386934673367,0.0046067411566076385,1.456841101149886
161,Philipp Lienhart,Austria,DEF,222,0.016548758963057082,0.6166666666666667,0.9335680495066926,0.45121951219512196,0.004298824899638783,0.08990173458109978
162,Maximilian Wöber,Austria,DEF,190,0.020679795030833562,0.5277777777777778,0.9335680495066926,0.41304347826086957,0.004208613842946369,0.11234373817419484
163,Fabian Rieder,Switzerland,MID,233,0.009719473332806709,0.5177777777777778,1.744452903586076,0.46322067594433397,0.0040666174949805685,0.08990565605783037
164,Toni Kroos,Germany,MID,506,0.06011689642767898,1.0,0.1,0.6520618556701031,0.003919993504175975,0.7566997436981059
165,Antonio Rüdiger,Germany,DEF,519,0.05494265902972335,1.0,0.1,0.6577946768060836,0.0036140988639323723,0.6915708973083664
166,Alexander Prass,Austria,DEF,194,0.014169739870472303,0.5388888888888889,0.9335680495066926,0.41810344827586204,0.002980511734409005,0.07697762688804678
167,José Ignacio Fernández Iglesias,Spain,DEF,294,0.004851420024507191,0.4666666666666667,2.1328829340552846,0.5212765957446809,0.002517160471516647,0.07199628983467313
168,Orkun Kökçü,Turkey,MID,237,0.003918252212236966,0.5266666666666666,2.566679355379114,0.46745562130177515,0.0024759406140402924,0.03830204741286646
169,Nicolas Seiwald,Austria,MID,390,0.0044344508156875535,1.0,0.9335680495066926,0.5909090909090909,0.00244628185373874,0.024090315239641256
170,John McGinn,Scotland,FWD,237,0.0019570267299132515,0.8777777777777778,3.0004757767029426,0.46745562130177515,0.0024094163384272413,0.007621453980544538
171,Ricardo Iván Rodríguez Araya,Switzerland,DEF,509,0.0017559110872946402,1.0,1.744452903586076,0.6534017971758665,0.002001437785734391,0.016242272896576336
172,Yannick Ferreira Carrasco,Belgium,MID,229,0.0036651734686595277,0.6361111111111111,1.3446812754032118,0.4589178356713427,0.001438738316291766,0.022116984557281047
173,Niclas Füllkrug,Germany,UNK,192,0.06124406071675268,0.4266666666666667,0.1,0.4155844155844156,0.0010859552930554937,0.7708875175076505
174,Luka Lochoshvili,Georgia,DEF,186,0.002596157298973272,0.5166666666666667,1.7557945012997307,0.40789473684210525,0.0009606456755163643,0.013417309915180257
175,Ylber Ramadani,Albania,MID,277,0.0009979018303861616,1.0,1.7671360990133853,0.506398537477148,0.000892997536244783,0.003636723996410518
176,Jack Hendry,Scotland,DEF,295,2.0429021521913428e-06,1.0,3.0004757767029426,0.5221238938053098,3.2004515653773583e-06,7.955887623656462e-06
177,Radu Drăgușin,Romania,DEF,385,0.0,1.0,1.3446812754032118,0.5877862595419847,0.0,-0.3749798948414692
178,András Schäfer,Hungary,MID,296,0.0,1.0,2.1782493249099044,0.5229681978798587,0.0,-0.27237358825892516
179,Robin Hranáč,Czech Republic,DEF,296,0.0,1.0,1.7671360990133853,0.5229681978798587,0.0,-0.1467599788416829
180,Mario Mitaj,Albania,DEF,291,0.0,1.0,1.7671360990133853,0.5187165775401069,0.0,-0.7426807848139688
181,Milos Kerkez,Hungary,DEF,242,0.0,0.8962962962962963,2.1782493249099044,0.47265625,0.0,-0.14928333788908185
182,Vanja Drkušić,Slovenia,DEF,412,0.0,1.0,1.7557945012997307,0.6041055718475073,0.0,-0.7016426280923573
183,David Strelec,Slovakia,FWD,200,0.0,0.5555555555555556,1.7557945012997307,0.425531914893617,0.0,-0.006977074161173561
184,Riccardo Calafiori,Italy,DEF,295,0.0,0.8194444444444444,1.7557945012997307,0.5221238938053098,0.0,-0.6484323366826253
185,Volodymyr Brazhko,Ukraine,MID,189,0.0,0.7,1.7671360990133853,0.4117647058823529,0.0,-0.9398053665257559
186,Benjamin Šeško,Slovenia,FWD,370,0.0,1.0,1.7557945012997307,0.578125,0.0,-1.1328307457094577
187,Giorgi Kochorashvili,Georgia,MID,389,0.0,1.0,1.7557945012997307,0.590288315629742,0.0,-0.5042451592022135
188,Márton Dárdai,Hungary,DEF,188,0.0,0.6962962962962963,2.1782493249099044,0.4104803493449782,0.0,-0.048212710881755376
189,Mikel Merino Zazón,Spain,MID,217,0.0,0.34444444444444444,2.1328829340552846,0.4455852156057495,0.0,-0.043474932054764735
190,Mykhailo Mudryk,Ukraine,FWD,181,0.0,0.6703703703703704,1.7671360990133853,0.401330376940133,0.0,-0.2735905469118626
191,Kenan Yildiz,Turkey,FWD,358,0.0,0.7955555555555556,2.566679355379114,0.5700636942675159,0.0,-0.11154550629133962
192,Rasmus Winther Højlund,Denmark,FWD,293,0.0,0.8138888888888889,1.7557945012997307,0.5204262877442274,0.0,-0.6829904790632216
193,Petar Stojanović,Slovenia,MID,325,0.0,0.9027777777777778,1.7557945012997307,0.5462184873949579,0.0,-0.10171716354142385
194,Joško Gvardiol,Croatia,DEF,295,0.0,1.0,2.1782493249099044,0.5221238938053098,0.0,-0.06826782278703243
195,Adam Gnezda Čerin,Slovenia,MID,412,0.0,1.0,1.7557945012997307,0.6041055718475073,0.0,-0.2624946718373221
196,Juraj Kucka,Slovakia,MID,376,0.0,1.0,1.7557945012997307,0.5820433436532507,0.0,-0.045973256916657254
197,Nicolae Claudiu Stanciu,Romania,MID,370,0.0,1.0,1.3446812754032118,0.578125,0.0,-0.25701353224184037
198,Aurélien Djani Tchouaméni,France,MID,492,0.0,0.9111111111111111,2.966450983561978,0.6456692913385826,0.0,-0.010844138668409858
199,İlkay Gündoğan,Germany,MID,403,0.0,0.8955555555555555,0.1,0.5988112927191679,0.0,-0.7047103658378493
200,Robert Andrich,Germany,MID,339,0.0,0.7533333333333333,0.1,0.5566502463054187,0.0,-0.15444125085165838
201,Kai Havertz,Germany,FWD,411,0.0,0.9133333333333333,0.1,0.6035242290748899,0.0,-1.3496557935427034
202,Jannik Vestergaard,Denmark,DEF,384,0.0,1.0,1.7557945012997307,0.5871559633027523,0.0,-0.07853681976980421
203,Konrad Laimer,Austria,MID,285,0.0,0.7916666666666666,0.9335680495066926,0.5135135135135135,0.0,-0.6394751406038132
204,Arlind Afrim Ajeti,Albania,DEF,291,0.0,1.0,1.7671360990133853,0.5187165775401069,0.0,-1.0994186263021548
205,Jonathan Tah,Germany,DEF,333,0.0,0.74,0.1,0.5522388059701493,0.0,-0.597991256847028
206,Przemysław Frankowski,Poland,DEF,288,0.0,1.0,2.1782493249099044,0.5161290322580645,0.0,-0.6925925394829895
207,Lukáš Haraslín,Slovakia,FWD,273,0.0,0.7583333333333333,1.7557945012997307,0.5027624309392266,0.0,-0.02951226398238581
208,Elseid Hysaj,Albania,DEF,197,0.0,0.7296296296296296,1.7671360990133853,0.42184154175588867,0.0,-0.4365724172960656
209,Lorenzo Pellegrini,Italy,FWD,225,0.0,0.625,1.7557945012997307,0.45454545454545453,0.0,-0.09297131078098574
210,Andrija Živković,Serbia,DEF,252,0.0,0.9333333333333333,1.3560228731168664,0.4827586206896552,0.0,-0.03788659412086424
211,Piotr Zieliński,Poland,MID,262,0.0,0.9703703703703703,2.1782493249099044,0.4924812030075188,0.0,-0.026062937527124137
212,Manuel Obafemi Akanji,Switzerland,DEF,509,0.0,1.0,1.744452903586076,0.6534017971758665,0.0,-0.038155512002568295
213,Ousmane Dembélé,France,FWD,370,0.0,0.6851851851851852,2.966450983561978,0.578125,0.0,-0.41360140113278077
214,Cristiano Ronaldo dos Santos Aveiro,Portugal,FWD,507,0.0,1.0,1.744452903586076,0.6525096525096525,0.0,-1.2373705329878337
215,Phil Foden,England,FWD,645,0.0,1.0,3.777335837641361,0.7049180327868853,0.0,-1.6130593084331104
216,Aleksandar Mitrović,Serbia,FWD,254,0.0,0.9407407407407408,1.3560228731168664,0.4847328244274809,0.0,-0.7065276967505505
217,Romelu Lukaku Menama,Belgium,FWD,380,0.0,1.0,1.3446812754032118,0.5846153846153846,0.0,-0.6923767577902186
218,Gianluca Scamacca,Italy,FWD,269,0.0,0.7472222222222222,1.7557945012997307,0.49907235621521334,0.0,-0.850572701936323
219,Attila Fiola,Hungary,DEF,194,0.0,0.7185185185185186,2.1782493249099044,0.41810344827586204,0.0,-0.09575985552554331
220,Eduardo Camavinga,France,MID,188,0.0,0.34814814814814815,2.966450983561978,0.4104803493449782,0.0,-0.5553162966335168
221,Jan Mlakar,Slovenia,MID,297,0.0,0.825,1.7557945012997307,0.5238095238095238,0.0,-0.017942826142605058
222,Davide Frattesi,Italy,MID,204,0.0,0.5666666666666667,1.7557945012997307,0.43037974683544306,0.0,-0.21859680899386225
223,Marius Mihai Marin,Romania,MID,314,0.0,0.8722222222222222,1.3446812754032118,0.5376712328767124,0.0,-0.640981034183073
224,Paweł Dawidowicz,Poland,DEF,192,0.0,0.7111111111111111,2.1782493249099044,0.4155844155844156,0.0,-0.1019508213638718
225,Leroy Sané,Germany,FWD,223,0.0,0.4955555555555556,0.1,0.45233265720081134,0.0,-0.5690298013418135
226,Pedro González López,Spain,MID,192,0.0,0.3047619047619048,2.1328829340552846,0.4155844155844156,0.0,-0.3303829635422263
227,Jakub Moder,Poland,MID,198,0.0,0.7333333333333333,2.1782493249099044,0.4230769230769231,0.0,-1.2131283920963987
228,Ianis Hagi,Romania,MID,201,0.0,0.5583333333333333,1.3446812754032118,0.4267515923566879,0.0,-0.4400087485899326
229,Ladislav Krejčí,Czech Republic,DEF,296,0.0,1.0,1.7671360990133853,0.5229681978798587,0.0,-0.1971468282483158
230,Jonas Older Wind,Denmark,FWD,200,0.0,0.5555555555555556,1.7557945012997307,0.425531914893617,0.0,-0.2086191649587517
231,João Maria Lobo Alves Palhinha Gonçalves,Portugal,MID,310,0.0,0.6888888888888889,1.744452903586076,0.5344827586206896,0.0,-0.04067418139890057
232,Dominik Szoboszlai,Hungary,MID,296,0.0,1.0,2.1782493249099044,0.5229681978798587,0.0,-0.16236904220871096
233,Roland Sallai,Hungary,MID,289,0.0,1.0,2.1782493249099044,0.516994633273703,0.0,-0.3426392373718977
234,Dušan Vlahović,Serbia,MID,189,0.0,0.7,1.3560228731168664,0.4117647058823529,0.0,-0.10937824871352823
235,Dávid Hancko,Slovakia,DEF,396,0.0,1.0,1.7557945012997307,0.5945945945945946,0.0,-0.6642687260542134
236,Joakim Mæhle,Denmark,DEF,306,0.0,0.85,1.7557945012997307,0.53125,0.0,-0.1555715381428545
237,Solomon Kverkvelia,Georgia,DEF,190,0.0,0.5277777777777778,1.7557945012997307,0.41304347826086957,0.0,-0.4844477352264978
238,Philipp Mwene,Austria,DEF,196,0.0,0.5444444444444444,0.9335680495066926,0.4206008583690987,0.0,-0.5876639629923341
239,Memphis Depay,Netherlands,FWD,475,0.0,0.8796296296296297,3.377564209458497,0.6375838926174496,0.0,-0.46324026137244273
240,Kaan Ayhan,Turkey,DEF,377,0.0,0.8377777777777777,2.566679355379114,0.5826893353941267,0.0,-0.2073676974050412
241,Marcus Thuram,France,FWD,275,0.0,0.5092592592592593,2.966450983561978,0.5045871559633027,0.0,-0.19679575021829393
