rank,player_name,team,position_group,primary_position,minutes,vaep_raw,vaep_adj,vaep_raw_p90,vaep_adj_p90,vaep_adj_p90_shrunk,off_raw,def_raw
1,Ivan Schranz,Slovakia,FWD,Right Wing,349,3.2036414448682304,3.12590846446636,0.8261539542640136,0.8061082000056515,0.5030286484406868,2.718812216539561,0.4848292283286692
2,Florian Wirtz,Germany,FWD,Left Wing,303,2.5245045377120494,2.6308155209557587,0.749852832983777,0.7814303527591362,0.4656481125110489,2.239723349805953,0.2847811879060965
3,Merih Demiral,Turkey,DEF,Left Center Back,236,1.9360343702209255,2.1368254423672948,0.7383181920334038,0.8148910585299005,0.4304713918591626,2.144402480319094,-0.2083681100981688
4,Donyell Malen,Netherlands,FWD,Right Wing,204,2.1024634180023134,1.8433022254580333,0.9275573902951382,0.8132215700550147,0.4133758900296113,1.9907176760619485,0.11174574194036478
5,Francisco Fernandes Conceição,Portugal,MID,Right Attacking Midfield,201,1.7926624546392316,1.5929419387276555,0.8026846811817455,0.7132575845049204,0.36221364868299527,1.8193942745973082,-0.026731819958076743
6,Randal Kolo Muani,France,FWD,Right Center Forward,219,1.1339386205387088,1.606091322212723,0.46600217282412687,0.6600375296764616,0.35703719955410596,0.9793649528840502,0.15457366765465858
7,Breel-Donald Embolo,Switzerland,FWD,Center Forward,315,2.2257476513345114,1.915991091477824,0.6359279003812889,0.5474260261365211,0.3461233672065246,2.255090387987525,-0.02934273665301324
8,Jamal Musiala,Germany,FWD,Right Wing,443,3.004071629117829,2.1168800284366536,0.610308005915586,0.4300659199984172,0.3093438627519096,3.0617679110469447,-0.05769628192911574
9,Alessandro Bastoni,Italy,DEF,Right Center Back,390,1.6576593766723697,1.8923862662337743,0.3825367792320853,0.4367045229770249,0.2966954521647264,1.0039140140052953,0.6537453626670744
10,Cody Mathès Gakpo,Netherlands,FWD,Left Wing,558,2.7749369865301325,2.368825665462519,0.4475704816984085,0.3820686557197612,0.29376483269859843,2.9708258695779497,-0.195888883047817
11,Vladimír Coufal,Czech Republic,DEF,Right Wing Back,296,1.5067539538804828,1.535980499915814,0.45813464813933596,0.46702109794737584,0.28929766689064135,1.0897882668091403,0.4169656870713426
12,Daniel Olmo Carvajal,Spain,MID,Center Attacking Midfield,461,1.3688492193603718,2.0242857897343387,0.267237374712437,0.3951967919221052,0.28648915885128906,1.4512449099211697,-0.08239569056079767
13,Lamine Yamal Nasraoui Ebana,Spain,FWD,Right Wing,526,2.4859643945506895,2.1604088484019357,0.42535512454289365,0.3696517040991905,0.2820097587173203,2.2700913372527842,0.2158730572979056
14,Lukáš Provod,Czech Republic,MID,Left Defensive Midfield,241,1.146055670464605,1.2863238737671054,0.42798759477931303,0.48036991136530904,0.27985714810810425,1.1652309202982907,-0.019175249833685563
15,Samet Akaydin,Turkey,DEF,Right Center Back,355,1.5105893293654873,1.6418388066583185,0.38296630885322214,0.41624082422323566,0.2772315633070854,1.2960128128098953,0.2145765165555919
16,Mykola Shaparenko,Ukraine,MID,Right Defensive Midfield,227,1.2848506720423518,1.2209040245361,0.5094121607216373,0.48405886435351986,0.27589379527656094,1.2343710121574623,0.050479659884889436
17,Erik Janža,Slovenia,DEF,Left Back,281,1.5052258118224926,1.3139632491155737,0.48210079382215065,0.4208423217807888,0.2609091232088592,1.4901536668758681,0.015072144946624464
18,Kristjan Asllani,Albania,MID,Left Defensive Midfield,291,0.8583977316814222,1.304902495900577,0.26548383454064606,0.4035780915156424,0.2578949709006305,1.0443544420776614,-0.18595671039623898
19,Maximilian Mittelstädt,Germany,DEF,Left Back,327,1.456841101149886,1.416376466414276,0.40096544068345485,0.3898283852516356,0.2562447511640948,1.3531824958144751,0.10365860533541085
20,Ruben Vargas,Switzerland,MID,Left Attacking Midfield,317,1.4620664409326118,1.3651211155459444,0.41509772770957437,0.3875738182938013,0.25570486276548005,1.3018077963977737,0.16025864453483826
21,Khvicha Kvaratskhelia,Georgia,FWD,Left Center Forward,361,1.2121210778024492,1.3687557805749162,0.3021908504216632,0.3412410533289265,0.24283833888202094,1.1785767114114476,0.03354436639100158
22,Tomáš Souček,Czech Republic,MID,Right Defensive Midfield,296,1.1598916546131135,1.223245861230097,0.3526697598485818,0.3719328632118538,0.24263247624542494,1.3393588056916803,-0.17946715107856664
23,Nicolò Barella,Italy,MID,Left Center Midfield,357,1.5925498203686883,1.3415839843434778,0.4014831479921063,0.3382144498344902,0.23601341728088482,1.4513597954882838,0.14119002488040444
24,Xavi Simons,Netherlands,MID,Center Attacking Midfield,480,1.5602846783350943,1.6601070673614338,0.2925533771878302,0.31127007513026883,0.23552998680897444,1.3174470736400006,0.24283760469509377
25,Fabián Ruiz Peña,Spain,MID,Left Defensive Midfield,574,2.2922234032868793,1.8993590415613537,0.35940785068958037,0.29780890895561296,0.23481062533735025,2.7501203041433837,-0.4578969008565046
26,Mikel Oyarzabal Ugarte,Spain,FWD,Left Wing,234,0.9011815738776733,0.9668452002676742,0.34660829764525897,0.37186353856449006,0.23225999922004648,0.8744880233817474,0.026693550495925915
27,Scott McTominay,Scotland,MID,Left Attacking Midfield,295,0.9060925018149824,1.1394573973949813,0.27643500055372344,0.3476310703916892,0.22971507930929222,0.7768989710384586,0.1291935307765237
28,Rafael Alexandre Conceição Leão,Portugal,FWD,Left Wing,293,1.320247332535327,1.0999399267576075,0.40553672330436663,0.33786550651257574,0.22919638541917842,0.1624358593791147,1.1578114731562124
29,Morten Hjulmand,Denmark,MID,Right Defensive Midfield,248,0.9384123052445345,1.0026441590438622,0.3405528527097101,0.36386279965301455,0.22678731343272085,0.8640778293662298,0.0743344758783047
30,Stefan de Vrij,Netherlands,DEF,Right Center Back,584,1.766692789644519,1.8595183840692748,0.2722642997739841,0.2865696139832786,0.2258324227563401,1.805209736130778,-0.038516946486259106
31,Heorhii Tsitaishvili,Georgia,DEF,Left Wing Back,203,0.913014869174672,0.8946831578662928,0.4047849173680812,0.3966575576747111,0.2241558534368839,0.6580821031947851,0.2549327659798869
32,Barnabás Varga,Hungary,FWD,Center Forward,261,0.7487125951582779,0.9749041390145468,0.2581767569511303,0.3361738410394989,0.22181609057273438,0.7057485114817363,0.042964083676541635
33,Nicholas Williams Arthuer,Spain,FWD,Left Wing,514,1.7581328844327004,1.591023977753643,0.30784427937537556,0.2785839649763188,0.220963175485511,2.7636964661117642,-1.005563581679064
34,Michel Aebischer,Switzerland,DEF,Left Wing Back,504,1.7207521007148736,1.526252287960233,0.30727716084194173,0.2725450514214702,0.21042240359702935,1.7354992614180853,-0.014747160703211517
35,Jules Koundé,France,DEF,Right Back,607,1.512886751755081,1.7365988334057598,0.22431599284671713,0.25748582373396767,0.20729547260455883,1.1240960705077712,0.3887906812473097
36,Ondrej Duda,Slovakia,MID,Left Center Midfield,333,1.241036942085191,1.0759736025009037,0.3354153897527543,0.2908036763515956,0.20576364555436671,1.1724929760474316,0.06854396603775928
37,Joshua Kimmich,Germany,DEF,Right Back,519,1.3807914318736532,1.4819820804205242,0.2394436009029456,0.2569911122116516,0.20137214411346882,1.0726476683155681,0.30814376355808476
38,Kobbie Mainoo,England,MID,Right Defensive Midfield,387,1.0500372138027037,1.1631977064909278,0.2441947008843497,0.2705110945327739,0.2008000724937371,0.9678646525096026,0.08217256129310119
39,Bernardo Mota Veiga de Carvalho e Silva,Portugal,FWD,Right Wing,440,1.182877121441216,1.2065953879338756,0.24195213847661234,0.24680360207738364,0.19526275562938245,1.9005704279900346,-0.7176933065488186
40,Kevin Danso,Austria,DEF,Right Center Back,232,0.761030227834934,0.7741988262837286,0.2952272435566554,0.30033575157558434,0.18960583432911413,0.5645599530459321,0.19647027478900184
41,Žan Karničnik,Slovenia,DEF,Right Back,412,1.1283802054355165,1.113914927086336,0.2464908215757196,0.2433309306741996,0.18439380924552784,1.0373206140816116,0.09105959135390487
42,Harry Kane,England,FWD,Center Forward,629,1.665449019105364,1.4897834667598364,0.2382995416843923,0.21316456599107358,0.1825622731826452,1.592496112025788,0.07295290707957593
43,Nedim Bajrami,Albania,MID,Left Midfield,257,0.8735386570036182,0.7626699458246267,0.30590847910632546,0.2670828604055113,0.181931971856581,0.827742736497178,0.04579592050644005
44,Vitor Machado Ferreira,Portugal,MID,Right Defensive Midfield,363,0.9531036060351916,0.9629718280986234,0.23630667918227893,0.23875334580957602,0.17994521101592081,0.036278171098046125,0.9168254349371456
45,Federico Dimarco,Italy,DEF,Left Back,239,0.8729937777560987,0.731704181133377,0.328742426770079,0.2755371393389286,0.1794845005298304,0.8700755187147907,0.002918259041307872
46,Oleksandr Zinchenko,Ukraine,DEF,Left Back,229,0.7733036085308745,0.7076546960284226,0.3039184487675926,0.27811756612470756,0.1787438018241238,0.6678450890309124,0.1054585194999621
47,Milos Veljkovic,Serbia,DEF,Right Center Back,288,0.8324886445845946,0.8232529894367773,0.2601527014326858,0.2572665591989929,0.17848925361467685,0.5709961634913844,0.26149248109321027
48,Andrei Florin Ratiu,Romania,DEF,Right Back,379,0.9929322901248379,0.9855786791393392,0.23578867047819368,0.2340424304024816,0.17597275129463832,0.4926960618386058,0.500236228286232
49,Giovanni Di Lorenzo,Italy,DEF,Right Back,390,0.6868744283187601,0.9811328633284483,0.15850948345817542,0.22641527615271884,0.1724336244958183,0.050498663061585576,0.6363757652571747
50,Georges Mikautadze,Georgia,FWD,Right Center Forward,366,0.8236440671286847,0.8818360582255136,0.2025354263431192,0.21684493235053612,0.1720254981495424,0.7631922288646407,0.06045183826404396
51,Stefan Posch,Austria,DEF,Right Back,390,0.9292312922445362,0.959194195131731,0.21443799051796988,0.22135250656886102,0.1694419879235387,0.5378830025673021,0.39134828967723406
52,Toni Kroos,Germany,MID,Left Defensive Midfield,506,0.7566997436981059,1.1339890953868956,0.13459086350361568,0.20169766518739252,0.16661968122296703,0.40322743623838664,0.35347230745971925
53,Guram Kashia,Georgia,DEF,Center Back,389,0.8606873508543782,0.9055100152775415,0.19913074955499754,0.20950103181228466,0.16236742919978525,0.16784784806654057,0.6928395027878377
54,Denis Mihai Drăguş,Romania,FWD,Center Forward,301,0.8323081986504739,0.6860616287626609,0.24886291654000878,0.20513470627454977,0.16075046965228063,0.8613494081879307,-0.029041209537456824
55,Răzvan Gabriel Marin,Romania,MID,Right Center Midfield,376,0.9811468570699375,0.8496146470543469,0.2348489817454638,0.2033652080715192,0.16053122643822446,1.0408852424764763,-0.05973838540653874
56,Jerdy Schouten,Netherlands,MID,Right Defensive Midfield,535,1.1985024463708276,1.1090585907362394,0.20161723396892428,0.18657060404908699,0.15782997169001656,0.22630126903560654,0.972201177335221
57,Tomáš Holeš,Czech Republic,DEF,Right Center Back,293,0.7358400478852335,0.6984429476016741,0.2260259532753277,0.21453878936570195,0.1569522198078693,0.3198853293612906,0.4159547185239429
58,Luka Modrić,Croatia,MID,Right Center Midfield,245,0.6590482031597372,0.5802705414772947,0.24209933993623,0.21316060707329193,0.15429553937312293,0.4998162873986065,0.15923191576113077
59,Marcel Sabitzer,Austria,FWD,Left Wing,390,0.7162858301202761,0.7941063908956213,0.16529673002775602,0.1832553209759126,0.15380688903548284,0.8489761368226088,-0.13269030670233253
60,Luke Shaw,England,DEF,Left Back,195,0.35604163518790577,0.5021269861241189,0.1643269085482642,0.23175091667267023,0.15203368434161382,0.19216862822584546,0.16387300696206034
61,Mateo Kovačić,Croatia,MID,Left Center Midfield,234,0.6335720018927115,0.5414965184666277,0.24368153918950441,0.20826789171793375,0.15073916806785373,0.8579216702254793,-0.22434966833276768
62,Nikola Milenković,Serbia,DEF,Center Back,288,0.6388897910195683,0.6476927405343266,0.19965305969361513,0.20240398141697705,0.15017308443686223,0.319338966997454,0.31955082402211427
63,Timothy Castagne,Belgium,DEF,Right Back,379,0.8979218989814942,0.7984294824555855,0.21322683616974797,0.1896006686569992,0.1500198580719298,0.5682698274831766,0.32965207149831766
64,Daniel Carvajal Ramos,Spain,DEF,Right Back,504,1.1999345860736315,0.9761360143116254,0.2142740332274342,0.1743100025556474,0.1464553950332378,1.005720132546836,0.19421445352679562
65,João Pedro Cavaco Cancelo,Portugal,DEF,Right Back,353,0.7556693117235606,0.7275169853536336,0.19266356389552536,0.1854859169456856,0.146036537960685,0.7227703612726133,0.03289895045094721
66,Abdülkerim Bardakcı,Turkey,DEF,Left Center Back,387,0.7392360890334726,0.7736979416850995,0.17191536954266803,0.17992975388025573,0.14480524995333136,0.3550251864439414,0.3842109025895313
67,Adrien Rabiot,France,MID,Left Center Midfield,386,0.6560409466313734,0.7434567860267192,0.15296291501767773,0.1733448464829138,0.14351976339421724,0.5241747708166058,0.13186617581476753
68,Remo Freuler,Switzerland,MID,Right Defensive Midfield,472,0.9518043929571418,0.8774708110285132,0.18148812577572618,0.16731434956052157,0.14314046770453903,0.6962752169699575,0.2555291759871842
69,Granit Xhaka,Switzerland,MID,Left Defensive Midfield,509,1.1387093857111603,0.9341616344368046,0.20134350631435055,0.16517592750356072,0.14289140069770756,0.5760141103542002,0.56269527535696
70,Mikel Merino Zazón,Spain,MID,Left Defensive Midfield,217,-0.043474932054764735,0.45907753119646877,-0.01803107781073192,0.19040081939024048,0.14076967526054202,0.9980120888742596,-1.0414870209290243
71,Andrej Kramarić,Croatia,FWD,Left Wing,246,0.5114616698628476,0.45437774673524484,0.18712012312055398,0.16623576100069934,0.1374747457150868,0.47765740266479695,0.03380426719805073
72,Ferdi Erenay Kadıoğlu,Turkey,DEF,Left Back,487,0.909405498227842,0.8583287276531197,0.16806261774231165,0.15862337882706526,0.13573820337709447,0.6035248598540551,0.3058806383737869
73,Saša Lukić,Serbia,MID,Left Wing,212,0.4249337737628519,0.42415257922887023,0.18039641338988996,0.18006477420093547,0.13570868500995872,0.2881195871043327,0.1368141866585192
74,Dan Ndoye,Switzerland,DEF,Right Wing Back,418,0.11357231353897633,0.740273063589078,0.02445336894379873,0.15938893713640434,0.13390815434694295,0.7297932256956862,-0.6162209121567097
75,Pierre-Emile Højbjerg,Denmark,MID,Left Defensive Midfield,373,0.45530536370280644,0.6442838903205735,0.10985920303821067,0.15545723895134483,0.1325402864277658,0.08837635473420823,0.36692900896859826
76,Declan Rice,England,MID,Left Defensive Midfield,733,1.003400266625537,1.1728189569958212,0.12320057843969759,0.14400232759839549,0.13239437704269758,0.5958306028052014,0.4075696638203356
77,Willi Orban,Hungary,DEF,Center Back,296,0.42452737791801776,0.5384587660918208,0.1290792703129108,0.1637205707711617,0.13068113677728552,0.09522672092113907,0.3293006569968787
78,Rúben Santos Gato Alves Dias,Portugal,DEF,Right Center Back,440,0.7712204962335522,0.7367074780987006,0.15774964695686294,0.15069016597473422,0.12930691196698985,0.48448214257949407,0.2867383536540581
79,Denis Vavro,Slovakia,DEF,Right Center Back,425,0.7713599982795063,0.710938086295968,0.16334682316507193,0.15055159474502852,0.128760665085348,0.5094738959290209,0.26188610235048543
80,Jorge Luiz Frello Filho,Italy,MID,Center Defensive Midfield,223,0.34449213448594207,0.3961010275006096,0.13903270001674792,0.1598614012334299,0.1275597292479851,0.20450648352526485,0.13998565096067717
81,Christoph Baumgartner,Austria,MID,Center Attacking Midfield,311,0.7714775087659705,0.5207478881813721,0.22325715687761205,0.15069874577595976,0.127547614424312,0.9323449380365118,-0.1608674292705412
82,Timi Elšnik,Slovenia,MID,Left Defensive Midfield,372,0.5777826584522624,0.5961717990931992,0.1397861270449022,0.1442351126838385,0.12600204978596527,0.53795338663262,0.03982927181964233
83,Hakan Çalhanoğlu,Turkey,MID,Right Defensive Midfield,373,0.7749973341698161,0.5856149521377962,0.18699667580504944,0.14130119488579534,0.12432845993250924,0.7264811237316031,0.04851621043821281
84,Bendegúz Bolla,Hungary,DEF,Right Wing Back,216,0.4092737710946988,0.3868049883519362,0.1705307379561245,0.1611687451466401,0.1241084020974362,0.32889226123093057,0.08038150986376826
85,Mert Müldür,Turkey,DEF,Right Back,365,0.6990515909591805,0.59082815069697,0.1723688854419897,0.14568365359651317,0.12390357170142842,0.96172397958431,-0.26267238862512954
86,Jude Bellingham,England,MID,Center Attacking Midfield,707,1.6993820744358474,1.037168839474409,0.21632869405831154,0.13202997956534201,0.12342174984329436,2.481848078621362,-0.7824660041855147
87,Bukayo Saka,England,FWD,Right Wing,662,0.8090379224789961,0.922385003150165,0.10999004988385143,0.12539977384216744,0.12130646122996525,1.7454432348400517,-0.9364053123610557
88,Marin Pongracic,Croatia,DEF,Left Center Back,196,0.27990462750402856,0.33606917858710594,0.12852763507838047,0.154317479963467,0.11963618141742333,0.1151515934742404,0.16475303402978814
89,Arthur Theate,Belgium,DEF,Left Back,266,0.4456328970406574,0.4289086541199877,0.1507780478708991,0.14511946943909357,0.11960077115387804,0.45925968647905624,-0.013626789438398861
90,Antonio Rüdiger,Germany,DEF,Right Center Back,519,0.6915708973083664,0.751205051992372,0.11992558912861846,0.13026677202179862,0.11801354771482031,1.0318827160531732,-0.34031181874480676
91,Nicola Zalewski,Poland,DEF,Left Wing Back,260,0.36032401235018846,0.4095214154483801,0.12472754273660369,0.1417574130398239,0.11766256954346027,0.23466586906280376,0.12565814328738467
92,Andrew Robertson,Scotland,DEF,Left Wing Back,282,0.3610326394318183,0.4323576731728269,0.11522318279738882,0.13798649143813624,0.11669642219788796,0.21883586092548787,0.14219677850633045
93,Kylian Mbappé Lottin,France,FWD,Left Wing,486,0.655665817175561,0.626471914427191,0.12141959577325204,0.11601331748651685,0.11431937021330679,0.6762651604279887,-0.02059934325242757
94,Amadou Onana,Belgium,MID,Left Defensive Midfield,385,0.5640020404562204,0.5174429706795207,0.13184463283392164,0.1209606944445633,0.11268354413031856,0.2959499352964591,0.26805210515976136
95,Theo Bernard François Hernández,France,DEF,Left Back,607,0.7135008416488818,0.7819749885317936,0.10579089909126749,0.11594357325842079,0.10932951360951101,0.30954315940834987,0.40395768224053197
96,Federico Chiesa,Italy,FWD,Right Wing,282,0.27302733961480286,0.32862647456852856,0.08713638498344772,0.10488078975591336,0.10800607661952957,0.2611459062450651,0.01188143336973772
97,Che Adams,Scotland,FWD,Center Forward,213,0.31458276806691027,0.23986255613895022,0.1329222963663001,0.10135037583335924,0.10689565555966515,0.08524234582319451,0.22934042224371573
98,Andreas Christensen,Denmark,DEF,Left Center Back,369,0.4571422428413758,0.4752799404216159,0.11149810801009165,0.115921936688199,0.10685356667546975,0.2521930628669155,0.2049491799744603
99,Dayotchanculle Upamecano,France,DEF,Right Center Back,607,0.6649937531027246,0.7541765046614229,0.09859874428211732,0.11182188701734441,0.10647676155895985,0.1825535250116483,0.4824402280910763
100,Jakub Piotr Kiwior,Poland,DEF,Left Center Back,288,0.345985137951432,0.3728002856691208,0.10812035560982249,0.11650008927160027,0.10583559171666777,0.2933048687007525,0.05268026925067943
101,Bruno Miguel Borges Fernandes,Portugal,MID,Center Attacking Midfield,390,0.49141311398884857,0.47114089481598775,0.1134030263051189,0.10872482188061255,0.10551596148127376,2.206430891542714,-1.715017777553866
102,Mykola Matvienko,Ukraine,DEF,Left Center Back,288,0.3808760504449061,0.3698069298788631,0.11902376576403315,0.1155646655871447,0.10535279239565845,0.12683936441270346,0.2540366860322026
103,Grant Campbell Hanley,Scotland,DEF,Center Back,250,0.4669032999301717,0.3238913873130551,0.1680851879748618,0.11660089943269983,0.10510472947279748,-0.33885438512935295,0.8057576850595247
104,Strahinja Pavlović,Serbia,DEF,Left Center Back,288,0.35033461997011667,0.3654463641266425,0.10947956874066145,0.11420198878957577,0.10464947533884868,0.43607163728122583,-0.08573701731110915
105,Kieran Trippier,England,DEF,Left Back,463,0.5814125301593143,0.5529183870678223,0.113017554458614,0.10747873614709288,0.10268334147855898,0.5615914694317266,0.019821060727587676
106,Josip Šutalo,Croatia,DEF,Right Center Back,295,0.3587002651008863,0.3557391172029634,0.10943397918332125,0.10853057812971766,0.10180664604592292,0.030885877911868087,0.3278143871890183
107,Joey Veerman,Netherlands,MID,Left Defensive Midfield,233,0.17942659132389935,0.2601373119433226,0.06930640866588386,0.10048222349742075,0.10069624675765569,0.1266356714343527,0.05279091988954665
108,Jasir Asani,Albania,FWD,Right Wing,214,0.18304091406897022,0.206665496357064,0.07697982367386598,0.08691539566418578,0.10050178978295146,0.10759426064887444,0.0754466534200958
109,Nuno Mendes,Portugal,DEF,Left Back,434,0.429509566843103,0.4932430926254774,0.08906880418405362,0.10228543395459208,0.09928425114200667,0.3815004026806777,0.048009164162425275
110,Marc Cucurella Saseta,Spain,DEF,Left Back,588,0.8325557941284899,0.6593576427875509,0.1274320093053811,0.10092208818176801,0.098888604100885,0.8976632426881521,-0.06510744855966215
111,Artem Dovbyk,Ukraine,FWD,Center Forward,259,0.27263981464070025,0.2372631217283463,0.09473970392920086,0.08244664461602767,0.09715813334284296,0.2463456852704199,0.026294129370280295
112,Anzor Mekvabishvili,Georgia,MID,Right Defensive Midfield,203,0.21519396269154753,0.19645985553126896,0.09540619035585851,0.08710042856066112,0.094966682964093,0.08658108244668729,0.12861288024486028
113,John Stones,England,DEF,Right Center Back,733,0.7439623377929958,0.7594562932297593,0.09134598963351927,0.09324838525331287,0.09357457712697714,0.6672690508468369,0.07669328694615887
114,Ivan Ilić,Serbia,MID,Right Defensive Midfield,214,0.197730245590658,0.1976304144632793,0.08315757992130476,0.08311559486773429,0.09302601517747297,0.061059125124237244,0.13667112046642077
115,Callum McGregor,Scotland,MID,Left Defensive Midfield,268,0.129629273339934,0.2525874268487801,0.04353221865893306,0.08482413588205301,0.09288238375574717,0.02634043259665513,0.10328884074327885
116,Jeremy Doku,Belgium,FWD,Left Wing,329,0.3583402547920838,0.270150248783927,0.09802620951759132,0.07390128386186454,0.09074539895386674,0.22426031490532952,0.1340799398867544
117,N'Golo Kanté,France,MID,Right Center Midfield,538,0.5143684576079955,0.501310807613462,0.08604676800133754,0.08386240276061632,0.08954929050669971,0.8147670898363755,-0.30039863222838
118,Kléper Laveran Lima Ferreira,Portugal,DEF,Left Center Back,423,0.4312761447257452,0.40543438417285194,0.09176088185654153,0.08626263493039403,0.08945646326585341,0.4505838132510985,-0.019307668525353292
119,Jan Vertonghen,Belgium,DEF,Left Center Back,285,0.27714157285675595,0.2597598641936366,0.08751839142844925,0.08202943079799051,0.08807679683803069,0.05852881384942376,0.21861275900733218
120,Nicușor Silviu Bancu,Romania,DEF,Left Back,288,0.28732972606035456,0.26246596027769586,0.08979053939386081,0.08202061258677995,0.08803973278256697,0.4923000835250333,-0.20497035746467893
121,Oleksandr Tymchyk,Ukraine,DEF,Right Back,215,0.18067145466155127,0.18317242417253102,0.07562991125367262,0.07667682872338508,0.08657680957362376,0.040029487296393274,0.140641967365158
122,Róbert Boženík,Slovakia,FWD,Center Forward,225,0.15536303942878524,0.14205163636953708,0.0621452157715141,0.056820654547814826,0.08652044213347694,0.1647416331732188,-0.009378593744433518
123,Fabian Lukas Schär,Switzerland,DEF,Right Center Back,509,0.4763259379665599,0.46271503877347225,0.08422266093711275,0.0818160186436395,0.08619844410435461,0.707319020652643,-0.2309930826860831
124,Giorgi Chakvetadze,Georgia,MID,Right Center Midfield,253,0.2810273934857201,0.19825619132020056,0.09997021902654074,0.07052591786094091,0.0861967710573993,0.20072056466402846,0.08030682882169166
125,Virgil van Dijk,Netherlands,DEF,Left Center Back,584,0.8533696844276585,0.533733832943239,0.13151245136727616,0.08225350165221149,0.08611273938240194,0.6331158162742406,0.22025386815341788
126,Georgiy Sudakov,Ukraine,MID,Center Attacking Midfield,276,0.23232256773875398,0.21632233445161153,0.07575735904524587,0.07053989166900376,0.08554370722499417,0.19389353256695752,0.03842903517179648
127,Jan Bednarek,Poland,DEF,Right Center Back,288,0.22613097942407315,0.2416025658910414,0.07066593107002285,0.07550080184095044,0.08467466917181625,0.00563821541605322,0.22049276400801993
128,Christian Dannemann Eriksen,Denmark,MID,Left Attacking Midfield,364,0.4647625188453113,0.29056127355586514,0.11491380960460994,0.07184207313194467,0.0842087833820657,0.7626961080545436,-0.29793358920923213
129,Aymeric Laporte,Spain,DEF,Left Center Back,564,0.6542301974683147,0.49334060143703845,0.10439843576622043,0.07872456405910187,0.08381881126740191,0.805327965371248,-0.15109776790293325
130,Illia Zabarnyi,Ukraine,DEF,Right Center Back,288,0.22888840144447148,0.23049933796616426,0.07152762545139733,0.07203104311442633,0.08288382595812638,0.42113292842474176,-0.1922445269802703
131,Billy Gilmour,Scotland,MID,Right Defensive Midfield,191,0.11715863854267139,0.11992242429084525,0.055205641198117404,0.056507948618722895,0.08249646904637278,0.11160785949604182,0.005550779046629576
132,Silvan Widmer,Switzerland,DEF,Right Wing Back,312,0.28853254125701483,0.2406567680301339,0.08323054074721582,0.069420221547154,0.08103667283572472,0.16963253305905424,0.11890000819796058
133,Barış Alper Yılmaz,Turkey,FWD,Center Forward,487,0.46226569417772523,0.34340463607567384,0.08542897839013402,0.06346286908996025,0.08051438418708506,0.46135991906703966,0.0009057751106856008
134,Maximilian Wöber,Austria,DEF,Left Center Back,190,0.11234373817419484,0.12812132642867702,0.053215454924618606,0.06068904936095228,0.08051120401361014,0.09184451865686688,0.020499219517327964
135,Kevin De Bruyne,Belgium,MID,Center Attacking Midfield,385,0.31091725717878377,0.27161290023972845,0.07268195622361179,0.0634939247313651,0.07890536651263716,0.2013907258044579,0.10952653137432591
136,José Ignacio Fernández Iglesias,Spain,DEF,Left Center Back,294,0.07199628983467313,0.20334732863636162,0.02203968056163463,0.06224918223562091,0.07766931568253951,0.20489799815395537,-0.13290170831928225
137,Wout Faes,Belgium,DEF,Right Center Back,385,0.33813018404125167,0.2809457507904394,0.07904341964600689,0.0656756300549079,0.0775409954791134,0.23479654018060614,0.10333364386064556
138,Lorenzo Pellegrini,Italy,FWD,Left Wing,225,-0.09297131078098574,0.08773855917781904,-0.03718852431239429,0.03509542367112762,0.0766453371895282,-0.15192115544063783,0.05894984465965212
139,Luka Lochoshvili,Georgia,DEF,Left Wing Back,186,0.013417309915180257,0.10124115448409896,0.006492246733151737,0.04898765539553176,0.07591214555098386,0.05027922586256991,-0.03686191594738963
140,Lasha Dvali,Georgia,DEF,Left Center Back,389,0.15351039842576716,0.2666596152493056,0.03551654462292814,0.061695026664363765,0.07511927138105803,-0.0866193614158517,0.24012975984161888
141,Stanislav Lobotka,Slovakia,MID,Center Defensive Midfield,425,0.2989180700094842,0.27542797671233255,0.06330029717847901,0.058325924480258654,0.07485808913426145,0.025962633175920135,0.27295543683356416
142,William Saliba,France,DEF,Left Center Back,607,0.422212856407888,0.43983879060129794,0.06260157673263579,0.06521497718964878,0.07421861530421499,-0.014649228578649212,0.4368620849865373
143,Marko Arnautović,Austria,FWD,Center Forward,297,0.07705200565429962,0.13330657140370905,0.023349092622515038,0.04039593072839668,0.07414561377274526,0.04024607251772012,0.03680593313657946
144,Robin Aime Robert Le Normand,Spain,DEF,Right Center Back,468,0.299483998778152,0.32097427601253464,0.057593076688106155,0.06172582231010281,0.07370178768131146,0.21915900871669264,0.0803249900614594
145,Orkun Kökçü,Turkey,MID,Center Attacking Midfield,237,0.03830204741286646,0.108575060194292,0.014545081296025237,0.041231035516819746,0.07299725732088376,0.19190254910136362,-0.15360050168849712
146,Ylber Ramadani,Albania,MID,Right Defensive Midfield,277,0.003636723996410518,0.13947334590894558,0.0011816070746460167,0.04531624957330362,0.07274306247898882,-0.03706199095001433,0.04069871494642485
147,Kyle Walker,England,DEF,Right Back,733,0.5763758903086103,0.5262275575631795,0.07076920890555924,0.06461184199275055,0.07264677432538971,0.4892392580068359,0.08713663230177432
148,Fabian Rieder,Switzerland,MID,Right Attacking Midfield,233,0.08990565605783037,0.10094639947182034,0.03472750663177997,0.03899217146980184,0.0722127832935698,0.02652476023606913,0.06338089582176122
149,David Strelec,Slovakia,FWD,Center Forward,200,-0.006977074161173561,0.04094464457022045,-0.0031396833725281024,0.018425090056599203,0.07176167998751616,0.23206837995636084,-0.23904545411753442
150,Rodrigo Hernández Cascante,Spain,MID,Right Defensive Midfield,555,0.49418026173082225,0.3536505986588438,0.08013733974013335,0.05734874572846116,0.07159564596787603,0.33132449905935807,0.16285576267146415
151,Denzel Dumfries,Netherlands,DEF,Right Back,482,0.3205312435456449,0.31011108028393036,0.05985023219731959,0.05790455855924011,0.07102956342185301,0.42885652544758524,-0.1083252819019404
152,Alexander Hartmann Bah,Denmark,DEF,Right Wing Back,293,0.14795939110093,0.15673010889879443,0.0454482771299785,0.04814235426925426,0.07035514079675176,0.4076386277007743,-0.2596792365998443
153,Niclas Füllkrug,Germany,UNK,,192,0.7708875175076505,0.1479855035257642,0.36135352383171115,0.06936820477770196,0.06936820477770196,0.9798412408133926,-0.20895372330574197
154,Jaka Bijol,Slovenia,DEF,Left Center Back,412,0.17843933104463192,0.24157269858256775,0.038979465519458426,0.052770735127259945,0.06927533334327102,0.30107914013054027,-0.12263980908590835
155,Jack Hendry,Scotland,DEF,Right Center Back,295,7.955887623656462e-06,0.1454385273585393,2.4272199529799373e-06,0.04437107614328317,0.06830743704415623,0.10969230953255171,-0.10968435364492804
156,Florian Grillitsch,Austria,MID,Left Defensive Midfield,201,0.1159547107789126,0.05296088059698694,0.05192001975175191,0.023713827132979225,0.06794975222490575,-0.09700567850870497,0.21296038928761754
157,Philipp Lienhart,Austria,DEF,Left Center Back,222,0.08990173458109978,0.07976040514610633,0.03644664915449991,0.03233529938355662,0.06642819294884006,0.19026008807736197,-0.1003583534962622
158,Alexander Prass,Austria,DEF,Left Back,194,0.07697762688804678,0.05474257532845901,0.0357112702057949,0.025396040100831498,0.06558419449836432,0.1386742628766451,-0.06169663598859833
159,Tijjani Reijnders,Netherlands,MID,Left Defensive Midfield,527,0.15169672044779886,0.26905957605659314,0.025906460797536807,0.045949453216495975,0.06455861466661877,0.8369403426768508,-0.685243622229052
160,Dennis Man,Romania,MID,Right Midfield,284,0.06502711089083588,0.09442508766651267,0.020607183028786016,0.029923443274599084,0.06450561720972549,0.13576079667128277,-0.07073368578044688
161,Andraž Šporar,Slovenia,FWD,Right Center Forward,352,0.09935627969808239,0.11128621508916214,0.025403594240986975,0.028453861812569866,0.06440310440649091,0.03180983831819786,0.06754644137988458
162,Antoine Griezmann,France,MID,Center Attacking Midfield,416,0.3017716090544506,0.18225389327374086,0.06528712695889556,0.03942992883326124,0.06361618722862748,0.07607498263035412,0.22569662642409655
163,Anthony Ralston,Scotland,DEF,Right Wing Back,276,0.12687452255501822,0.09936658871875355,0.04137212692011463,0.032402148495245725,0.06309016016917135,0.11330290433599986,0.013571618219018337
164,Marc Guehi,England,DEF,Left Center Back,610,0.39434630942965354,0.31785755821980305,0.05818224237486692,0.046897016786528314,0.06149024398575228,0.35240133007645313,0.04194497935320046
165,Josip Stanišić,Croatia,DEF,Right Back,196,0.034984991995798374,0.032355603912801054,0.016064537140927825,0.014857165062000483,0.06097905326144169,0.07929901006822422,-0.044314018072425826
166,Andrija Živković,Serbia,DEF,Right Wing Back,252,-0.03788659412086424,0.06218067874527763,-0.013530926471737228,0.02220738526617058,0.05957949339991326,0.5490875756617899,-0.5869741697826542
167,Otar Kakabadze,Georgia,DEF,Right Wing Back,389,0.14110832378642202,0.1513100805523807,0.032647170027706895,0.035007473649651066,0.05936592066372383,0.14621219173441632,-0.005103867947994337
168,Nicolas Seiwald,Austria,MID,Right Defensive Midfield,390,0.024090315239641256,0.1149554189795942,0.005559303516840289,0.02652817361067559,0.056945214776310996,-0.28626171147007057,0.31035202670971185
169,Peter Pekarík,Slovakia,DEF,Right Back,409,0.13929784941049883,0.1456188773477206,0.030652338501087763,0.0320432737439972,0.056862935830595866,0.28122752488979336,-0.1419296754792945
170,Yannick Ferreira Carrasco,Belgium,MID,Right Midfield,229,0.022116984557281047,0.012585239622848774,0.008692264673167223,0.0049461640439143655,0.05685476074200034,-0.03303593008233804,0.055152914639619105
171,Marcelo Brozović,Croatia,MID,Center Defensive Midfield,241,0.11675933375897925,-0.0004356115427682332,0.04360307069837399,-0.000162676509747473,0.05322631899286232,-0.06344975189731582,0.1802090856562951
172,John McGinn,Scotland,FWD,Left Center Forward,237,0.007621453980544538,-0.03693637536416577,0.0028942230305865338,-0.014026471657278139,0.052699601183506584,0.09810533019032555,-0.09048387620978102
173,Andrei Burcă Andonie,Romania,DEF,Left Center Back,385,0.11124363467447336,0.09529527363272297,0.026005005508318448,0.022276817212844333,0.05203176961011421,0.16636063077695623,-0.05511699610248295
174,Arda Güler,Turkey,FWD,Right Wing,360,0.21477607098710888,0.011444703655301657,0.05369401774677722,0.0028611759138254143,0.04932221414569826,0.27624801659451453,-0.06147194560740566
175,Lukáš Haraslín,Slovakia,FWD,Left Wing,273,-0.02951226398238581,-0.03848506732444641,-0.009729317796390927,-0.012687384832235082,0.04894901569726072,-0.14068199611407833,0.11116973213169248
176,Jan Mlakar,Slovenia,MID,Left Midfield,297,-0.017942826142605058,-0.0030927576931605127,-0.0054372200432136536,-0.0009371993009577312,0.04754762936828454,-0.023998198851476357,0.006055372708871263
177,Piotr Zieliński,Poland,MID,Left Center Midfield,262,-0.026062937527124137,-0.024532671448633817,-0.008952917471149513,-0.008427253551057418,0.047048709800422445,-0.050704991295773376,0.02464205376864923
178,Berat Djimsiti,Albania,DEF,Left Center Back,291,0.09532240851347693,-0.019373751375190387,0.02948115727220936,-0.005991881868615583,0.04235400506936293,-0.17364160101620058,0.26896400952967753
179,Robert Andrich,Germany,MID,Right Defensive Midfield,339,-0.15444125085165838,-0.019580657236439026,-0.0410021019960155,-0.005198404576045759,0.0418318471148149,0.37804609184990756,-0.5324873427015658
180,Dušan Vlahović,Serbia,MID,Right Attacking Midfield,189,-0.10937824871352823,-0.0937901055176697,-0.052084880339775354,-0.04466195500841414,0.040951513175624205,-0.1195201722545145,0.010141923540986267
181,Márton Dárdai,Hungary,DEF,Left Center Back,188,-0.048212710881755376,-0.07524603177503648,-0.023080553081691404,-0.03602203648804938,0.04089976333608396,0.2128731492189719,-0.2610858601007273
182,Petar Stojanović,Slovenia,MID,Right Midfield,325,-0.10171716354142385,-0.03409343585440201,-0.02816782990377891,-0.009441259159680557,0.04062091565933715,0.18497137321610607,-0.28668853675753
183,João Maria Lobo Alves Palhinha Gonçalves,Portugal,MID,Left Defensive Midfield,310,-0.04067418139890057,-0.041169220620154164,-0.011808633309358229,-0.011952354373593144,0.04057348997997916,-0.24595819231495683,0.2052840109160563
184,Jannik Vestergaard,Denmark,DEF,Center Back,384,-0.07853681976980421,0.007994443630872882,-0.018407067133547863,0.001873697725985832,0.040097453202535625,0.16891760189938665,-0.24745442166919088
185,Juraj Kucka,Slovakia,MID,Right Center Midfield,376,-0.045973256916657254,-0.03500936020011196,-0.01100423702792328,-0.008379900047899139,0.037286395706179115,0.13082506145644485,-0.17679831837310214
186,Álvaro Borja Morata Martín,Spain,FWD,Center Forward,467,0.19957836695650807,-0.03313966013413147,0.038462640312817396,-0.006386658269961098,0.03671696359666339,0.18858508595021445,0.010993281006293472
187,Kenan Yildiz,Turkey,FWD,Left Wing,358,-0.11154550629133962,-0.08371472470666465,-0.028042166386090965,-0.021045601183239716,0.03584179356562569,-0.09491505961158656,-0.01663044667975302
188,Ricardo Iván Rodríguez Araya,Switzerland,DEF,Left Center Back,509,0.016242272896576336,0.018512254942477952,0.0028719146575478783,0.003273286728532447,0.03487848191592137,0.03146787971562704,-0.0152256068190507
189,Paweł Dawidowicz,Poland,DEF,Center Back,192,-0.1019508213638718,-0.1118542187130141,-0.04778944751431491,-0.05243166502172536,0.03341418784309192,0.05582039181331326,-0.15777121317718507
190,Aurélien Djani Tchouaméni,France,MID,Center Defensive Midfield,492,-0.010844138668409858,-0.02854870578680898,-0.001983683902757901,-0.005222324229294325,0.03237332089683593,-0.35658120209837296,0.345737063429963
191,Joško Gvardiol,Croatia,DEF,Left Back,295,-0.06826782278703243,-0.09021918902623845,-0.020827471358755657,-0.027524498346988002,0.03076903974392615,0.10447992082894934,-0.1727477436159817
192,Nathan Aké,Netherlands,DEF,Left Back,493,0.030214407162171164,-0.02585402781189064,0.005515814694919685,-0.0047198022374648225,0.03037663429175567,0.1803081516250462,-0.1500937444628751
193,Milan Škriniar,Slovakia,DEF,Left Center Back,425,0.053431988028971256,-0.052659987434416064,0.0113150092296645,-0.011151526750817521,0.02987746129292416,0.475645851396626,-0.4222138633676547
194,Marcus Thuram,France,FWD,Center Forward,275,-0.19679575021829393,-0.17666485068511575,-0.06440588188962347,-0.05781758749694697,0.02595070646082998,-0.22452967752213954,0.02773392730384559
195,Mykhailo Mudryk,Ukraine,FWD,Left Wing,181,-0.2735905469118626,-0.20863997805063716,-0.13603949846446206,-0.10374363549479196,0.02497865533981243,-0.6033211005466251,0.3297305536347626
196,Dominik Szoboszlai,Hungary,MID,Right Attacking Midfield,296,-0.16236904220871096,-0.1545798964396876,-0.049368965536432385,-0.04700064418774284,0.023543574849169427,-0.16792541860740784,0.0055563763986968655
197,Davide Frattesi,Italy,MID,Right Center Midfield,204,-0.21859680899386225,-0.17971102213148915,-0.09643976867376276,-0.07928427446977462,0.023341481123138726,-0.27178565381253783,0.05318884481867556
198,Ladislav Krejčí,Czech Republic,DEF,Left Center Back,296,-0.1971468282483158,-0.14099481250307053,-0.05994329237279873,-0.042870044342149825,0.022640815092585483,-0.34265764746607213,0.14551081921775635
199,Robin Hranáč,Czech Republic,DEF,Center Back,296,-0.1467599788416829,-0.14605398602876085,-0.04462296653970088,-0.04440830656279891,0.02183635287118596,-0.21703657306339527,0.0702765942217124
200,Jonas Older Wind,Denmark,FWD,Right Center Forward,200,-0.2086191649587517,-0.233513564671004,-0.09387862423143828,-0.1050811041019518,0.01920585268600509,-0.22955095185612973,0.02093178689737802
201,Joachim Andersen,Denmark,DEF,Right Center Back,384,0.14345112085574369,-0.14622170031787193,0.033621356450564924,-0.034270711012001236,0.018875048071974408,0.7668052069993692,-0.6233540861436255
202,Attila Fiola,Hungary,DEF,Right Wing Back,194,-0.09575985552554331,-0.18967760873038667,-0.044424675243808755,-0.08799476693677732,0.01817510707315719,0.29620328288464437,-0.39196313841018765
203,Memphis Depay,Netherlands,FWD,Center Forward,475,-0.46324026137244273,-0.20617748654021073,-0.08777183899688389,-0.03906520797603993,0.015418788985495022,-0.19121154412471664,-0.27202871724772615
204,Joakim Mæhle,Denmark,DEF,Left Wing Back,306,-0.1555715381428545,-0.19487298371965028,-0.04575633474789838,-0.05731558344695596,0.013829281133526408,0.30238851569567865,-0.45796005383853305
205,Adam Gnezda Čerin,Slovenia,MID,Right Defensive Midfield,412,-0.2624946718373221,-0.20772895205798586,-0.05734106909067716,-0.0453776837019872,0.01252529084894876,-0.29157372682706945,0.029079054989747364
206,Radu Drăgușin,Romania,DEF,Right Center Back,385,-0.3749798948414692,-0.1998175290694332,-0.08765763775514865,-0.04671059121103633,0.011481918857146185,0.08514827595506984,-0.460128170796539
207,Kaan Ayhan,Turkey,DEF,Right Center Back,377,-0.2073676974050412,-0.22361057267011775,-0.0495042248447048,-0.05338183432443129,0.008314193087123872,0.1793348349738478,-0.386702532378889
208,Nicolae Claudiu Stanciu,Romania,MID,Left Center Midfield,370,-0.25701353224184037,-0.28907941632740364,-0.06251680513990711,-0.07031661478234143,0.001907354023024145,0.9933839884477437,-1.250397520689584
209,Elseid Hysaj,Albania,DEF,Right Back,197,-0.4365724172960656,-0.3028974181402061,-0.19944932769871018,-0.1383795311300434,-0.0037613129870210163,-0.22322338496472308,-0.21334903233134248
210,Milos Kerkez,Hungary,DEF,Left Wing Back,242,-0.14928333788908185,-0.3172125669669999,-0.05551859673560895,-0.11797161581417351,-0.0059470635924809626,-0.09421315763507715,-0.05507018025400469
211,Pedro González López,Spain,MID,Center Attacking Midfield,192,-0.3303829635422263,-0.3370669409842582,-0.15486701416041856,-0.15800012858637105,-0.006705997065760735,-0.3397095939112287,0.009326630369002427
212,Manuel Obafemi Akanji,Switzerland,DEF,Center Back,509,-0.038155512002568295,-0.36699257274750474,-0.006746554185129954,-0.06489063172352737,-0.009659944903203724,-0.1940522030450098,0.15589669104244153
213,Solomon Kverkvelia,Georgia,DEF,Right Center Back,190,-0.4844477352264978,-0.35059904895071853,-0.22947524300202526,-0.16607323371349825,-0.013151478125836807,0.11252800151515516,-0.596975736741653
214,Ianis Hagi,Romania,MID,Left Midfield,201,-0.4400087485899326,-0.3953094655239337,-0.19701884265220862,-0.17700423829429868,-0.017707001810938962,-0.4286685294479323,-0.011340219142000275
215,Riccardo Calafiori,Italy,DEF,Left Center Back,295,-0.6484323366826253,-0.42169201788646893,-0.19782681458113996,-0.1286518020670583,-0.02203194184442915,-0.8248504713579128,0.17641813467528733
216,Ousmane Dembélé,France,FWD,Right Wing,370,-0.41360140113278077,-0.503070828750998,-0.10060574622148721,-0.12236857996645896,-0.023802192194964156,0.567196362972328,-0.9807977641051088
217,İlkay Gündoğan,Germany,MID,Center Attacking Midfield,403,-0.7047103658378493,-0.48973981108552367,-0.15737948616726163,-0.10937117369155616,-0.025020399633722656,-0.635063407716597,-0.06964695812125231
218,András Schäfer,Hungary,MID,Left Defensive Midfield,296,-0.27237358825892516,-0.49928900611079524,-0.0828162937273759,-0.15181084645260665,-0.03126882774870988,0.2840858329814046,-0.5564594212403298
219,Roland Sallai,Hungary,MID,Left Attacking Midfield,289,-0.3426392373718977,-0.5077806767470568,-0.10670426077325534,-0.15813239068247445,-0.03302756147233153,-0.41323122508796495,0.07059198771606727
220,Romelu Lukaku Menama,Belgium,FWD,Center Forward,380,-0.6923767577902186,-0.6371889296208229,-0.16398396895031492,-0.15091316754177383,-0.042006203204709706,-0.702269083979525,0.009892326189306567
221,Dávid Hancko,Slovakia,DEF,Left Back,396,-0.6642687260542134,-0.61128795903871,-0.15097016501232122,-0.13892908159970682,-0.04431183460330956,0.48686771908429577,-1.151136445138509
222,Aleksandar Mitrović,Serbia,FWD,Center Forward,254,-0.7065276967505505,-0.6421564473577555,-0.2503444594785415,-0.2275357490637716,-0.052960131067529066,-0.23007840000420132,-0.47644929674634917
223,Marius Mihai Marin,Romania,MID,Center Defensive Midfield,314,-0.640981034183073,-0.7200631707045541,-0.183720678587505,-0.20638753300449,-0.06432847828631522,0.3513245788464996,-0.9923056130295725
224,Konrad Laimer,Austria,MID,Center Attacking Midfield,285,-0.6394751406038132,-0.7398408469524512,-0.2019395180854147,-0.23363395166919512,-0.07089697690363753,0.22945678185262317,-0.8689319224564364
225,Leroy Sané,Germany,FWD,Right Wing,223,-0.5690298013418135,-0.7637284835658902,-0.22965328305274985,-0.3082312265512561,-0.07848395930652607,-0.45882392680712764,-0.11020587453468587
226,Jonathan Tah,Germany,DEF,Left Center Back,333,-0.597991256847028,-0.8106647609373958,-0.1616192586073049,-0.219098584037134,-0.07869916089002635,0.23316610524064238,-0.8311573620876705
227,Vanja Drkušić,Slovenia,DEF,Right Center Back,412,-0.7016426280923573,-0.888978353882056,-0.15327144788425281,-0.19419430060530352,-0.07991762079428932,-0.7494362387757982,0.047793610683440915
228,Cristiano Ronaldo dos Santos Aveiro,Portugal,FWD,Center Forward,507,-1.2373705329878337,-1.0315365495124489,-0.21965157390316573,-0.1831129969548726,-0.08081765492060188,-1.1666784729982087,-0.07069205998962512
229,Philipp Mwene,Austria,DEF,Left Back,196,-0.5876639629923341,-0.702692610677371,-0.2698456972923983,-0.32266497429062957,-0.08098304826884906,0.2273971673896111,-0.8150611303819452
230,Przemysław Frankowski,Poland,DEF,Right Wing Back,288,-0.6925925394829895,-0.8274159253990225,-0.2164351685884342,-0.25856747668719454,-0.08774766813303278,-0.24988049121129202,-0.4427120482716974
231,Giorgi Kochorashvili,Georgia,MID,Left Center Midfield,389,-0.5042451592022135,-0.9812560087922697,-0.11666340444267148,-0.22702581180283873,-0.09267858383475341,0.1679450692972081,-0.6721902284994214
232,Rasmus Winther Højlund,Denmark,FWD,Center Forward,293,-0.6829904790632216,-0.9486678216795698,-0.2097922973231739,-0.29139967218826374,-0.09828975553880734,-0.6237580287634242,-0.05923245029979735
233,Benjamin Šeško,Slovenia,FWD,Left Center Forward,370,-1.1328307457094577,-1.072340379564343,-0.27555342463203025,-0.2608395517859213,-0.1038557227780908,-0.2645698160461548,-0.868260929663303
234,Eduardo Camavinga,France,MID,Left Center Midfield,188,-0.5553162966335168,-0.8614438553796101,-0.26584290796285376,-0.4123933350221538,-0.10980806318769243,-0.43470563353751684,-0.12061066309599994
235,Volodymyr Brazhko,Ukraine,MID,Left Defensive Midfield,189,-0.9398053665257559,-0.8796783287718657,-0.44752636501226467,-0.41889444227231704,-0.11314421687421815,0.030330757273179017,-0.9701361237989348
236,Gianluca Scamacca,Italy,FWD,Center Forward,269,-0.850572701936323,-1.0142897362718948,-0.28457822741363964,-0.33935344336234397,-0.11362357083795505,-0.8573217377167668,0.006749035780443715
237,Phil Foden,England,FWD,Left Wing,645,-1.6130593084331104,-1.6439460627313793,-0.2250780430371782,-0.22938782270670408,-0.1288657640032911,-1.0315639800645278,-0.5814953283685826
238,Mario Mitaj,Albania,DEF,Left Back,291,-0.7426807848139688,-1.2547995194603108,-0.22969508808679448,-0.3880823256062817,-0.15584264221702002,0.33555591575737415,-1.078236700571343
239,Kai Havertz,Germany,FWD,Center Forward,411,-1.3496557935427034,-1.7883791402967821,-0.2955450642794241,-0.3916158701379815,-0.192233701973418,-1.3939264259759836,0.04427063243328021
240,Jakub Moder,Poland,MID,Center Defensive Midfield,198,-1.2131283920963987,-1.4421030740442633,-0.5514219964074539,-0.655501397292847,-0.21912697140979043,-0.733641405855146,-0.4794869862412527
241,Arlind Afrim Ajeti,Albania,DEF,Right Center Back,291,-1.0994186263021548,-1.7099517112356013,-0.34002637926870766,-0.5288510447120417,-0.2288617104162645,-1.3429348480631447,0.24351622176098958
