rank,player_name,team,position_group,minutes,xg_chain,xg_buildup,xg_chain_p90,xg_buildup_p90
1,Cristiano Ronaldo dos Santos Aveiro,Portugal,FWD,507,7.1202652647,0.971755248,1.263952413852071,0.17250093159763313
2,Fabián Ruiz Peña,Spain,MID,574,6.5335778042,3.8681742891999997,1.0244285755714286,0.6065081638118466
3,Kai Havertz,Germany,FWD,411,6.018094131,2.032877833,1.3178308316058394,0.44515572985401464
4,Toni Kroos,Germany,MID,506,5.8458755504,4.6211865314,1.039780236237154,0.82195017356917
5,Bernardo Mota Veiga de Carvalho e Silva,Portugal,FWD,440,5.825092078,2.8860700343,1.1914961068636363,0.5903325070159091
6,Lamine Yamal Nasraoui Ebana,Spain,FWD,526,5.6015749235,1.7510763355,0.9584443785456275,0.2996138216634981
7,Nicholas Williams Arthuer,Spain,FWD,514,5.4516028225,2.9051072959999997,0.954560805496109,0.5086763747859921
8,Memphis Depay,Netherlands,FWD,475,5.4349774483,2.1896566403,1.0297852007305264,0.4148823107936842
9,Theo Bernard François Hernández,France,DEF,607,5.4226906886,3.2294409096,0.8040233310939044,0.47882978890280065
10,Jules Koundé,France,DEF,607,5.3812524976,2.756677846,0.7978792830049424,0.4087331237891269
11,Aymeric Laporte,Spain,DEF,564,5.0752468437,4.7299248437,0.8098798154840425,0.7547752410159574
12,Kylian Mbappé Lottin,France,FWD,486,5.0321111666,2.0371852926,0.9318724382592594,0.3772565356666666
13,Ousmane Dembélé,France,FWD,370,4.8052331826,1.582086241,1.1688405038756757,0.3848317883513514
14,Bruno Miguel Borges Fernandes,Portugal,MID,390,4.797688673,1.903801458,1.1071589245384614,0.43933879800000003
15,Marc Cucurella Saseta,Spain,DEF,588,4.6746353022,3.9697208457,0.7155054033979591,0.6076103335255102
16,Harry Kane,England,FWD,629,4.572415872,1.225473469,0.6542407448012718,0.17534596535771063
17,Joshua Kimmich,Germany,DEF,519,4.5006885554,2.708918277,0.7804662234797688,0.4697546145086705
18,Rodrigo Hernández Cascante,Spain,MID,555,4.4343715432,3.9321459325,0.7190872772756757,0.6376452863513513
19,Stefan de Vrij,Netherlands,DEF,584,4.3800424223,4.1046452273,0.6750065376832192,0.6325651891386986
20,Álvaro Borja Morata Martín,Spain,FWD,467,4.241588227,2.282535691,0.8174367032762313,0.4398891053319058
21,Tijjani Reijnders,Netherlands,MID,527,4.2139626783,2.8920462233,0.7196520702979127,0.4938978369962049
22,Jude Bellingham,England,MID,707,4.204406633,2.41365055,0.5352144228712871,0.307253959688826
23,Jerdy Schouten,Netherlands,MID,535,4.1612788123,3.8565523713000003,0.7000282114149532,0.6487658194710281
24,Cody Mathès Gakpo,Netherlands,FWD,558,4.1253431013,0.9521523313,0.6653779195645162,0.1535729566612903
25,Marcel Sabitzer,Austria,FWD,390,4.079816753,1.263919442,0.9414961737692308,0.29167371738461534
26,Josip Šutalo,Croatia,DEF,295,4.065626417,3.787863557,1.24036060179661,1.1556193902711864
27,Daniel Olmo Carvajal,Spain,MID,461,4.063080834,1.454507558,0.7932261931887201,0.283960260780911
28,Adrien Rabiot,France,MID,386,4.0465022941,3.1803179976,0.9434849908523316,0.7415249217202072
29,Andrej Kramarić,Croatia,FWD,246,4.0390977239999994,2.376325441,1.4777186795121948,0.8693873564634147
30,Daniel Carvajal Ramos,Spain,DEF,504,4.0373482512,3.3163874482,0.7209550448571428,0.5922120443214286
31,Virgil van Dijk,Netherlands,DEF,584,4.0329231413,3.4000222193000003,0.6215121279400685,0.5239760269469178
32,Nuno Mendes,Portugal,DEF,434,4.0046898956,2.9746477693,0.8304656465529954,0.6168624406382489
33,Manuel Obafemi Akanji,Switzerland,DEF,509,3.9716791959999997,3.155951598,0.7022615474263261,0.5580268051473478
34,Antonio Rüdiger,Germany,DEF,519,3.96634263,3.320247338,0.6878050803468209,0.5757654343352602
35,Bukayo Saka,England,FWD,662,3.9231732079999997,2.136210195,0.5333619164954682,0.2904213256042296
36,Kevin De Bruyne,Belgium,MID,385,3.893979065,1.47062076,0.9102808203896103,0.3437814763636364
37,Granit Xhaka,Switzerland,MID,509,3.852289998,3.254697768,0.6811514731237721,0.5754868352062869
38,William Saliba,France,DEF,607,3.813943944,3.693578527,0.5654941597364086,0.5476475575453048
39,N'Golo Kanté,France,MID,538,3.769494554,1.746540442,0.6305845908178438,0.29217219289962826
40,Dayotchanculle Upamecano,France,DEF,607,3.7239000020999997,3.4200741941,0.5521433281532124,0.5070950205420099
41,Antoine Griezmann,France,MID,416,3.7184412035,1.602054701,0.8044704526802884,0.3465983728125
42,Xavi Simons,Netherlands,MID,480,3.577861714,1.705679167,0.670849071375,0.3198148438125
43,Aurélien Djani Tchouaméni,France,MID,492,3.5117152956,2.9041006386,0.6423869443170732,0.531237921695122
44,Kyle Walker,England,DEF,733,3.479954619,3.378482209,0.42727955758526603,0.4148204622237381
45,Phil Foden,England,FWD,645,3.464009375,1.944226152,0.4833501453488372,0.2712873700465116
46,Christian Dannemann Eriksen,Denmark,MID,364,3.403206327,1.797028863,0.8414521138186812,0.44432032326923077
47,Robin Aime Robert Le Normand,Spain,DEF,468,3.3725208392,3.0698164502000003,0.6485616998461539,0.5903493173461538
48,Fabian Lukas Schär,Switzerland,DEF,509,3.35987575,2.2398512139999998,0.5940841208251474,0.39604441897838893
49,Luka Modrić,Croatia,MID,245,3.3237589009999997,1.499980465,1.220972657510204,0.5510132320408163
50,Denzel Dumfries,Netherlands,DEF,482,3.323254196,2.1181996720000003,0.6205246424066391,0.39551446157676357
51,Hakan Çalhanoğlu,Turkey,MID,373,3.3210669027,2.451190659,0.8013298156648795,0.5914401053887399
52,Jamal Musiala,Germany,FWD,443,3.3163869584,2.0037556384,0.6737580728126411,0.40708353827539506
53,Vitor Machado Ferreira,Portugal,MID,363,3.2679764273,1.8013217203,0.8102420894132232,0.44660869098347106
54,Arda Güler,Turkey,FWD,360,3.2644993175,1.654870019,0.8161248293750001,0.41371750475
55,Michel Aebischer,Switzerland,DEF,504,3.2341674929999997,2.341229406,0.5775299094642857,0.4180766796428571
56,John Stones,England,DEF,733,3.221290417,3.1271124,0.3955199693451569,0.38395650204638476
57,Florian Wirtz,Germany,FWD,303,3.202681207,1.67956007,0.9512914476237623,0.49887922871287127
58,Declan Rice,England,MID,733,3.139087217,2.366456046,0.3854268069986358,0.2905607696316508
59,Marcus Thuram,France,FWD,275,3.0871966945,1.1196908545,1.0103552818363635,0.36644427965454546
60,Vladimír Coufal,Czech Republic,DEF,296,3.0816749680999997,1.2261409334,0.9369957673277026,0.3728131216418919
61,Barış Alper Yılmaz,Turkey,FWD,487,3.0785870595,2.143634468,0.5689380602772074,0.396154213798768
62,Mateo Kovačić,Croatia,MID,234,3.0653462179999997,1.4842708519999999,1.1789793146153846,0.5708734046153846
63,Dan Ndoye,Switzerland,DEF,418,3.024825317,1.454245699,0.6512781783014354,0.31311510265550235
64,Ricardo Iván Rodríguez Araya,Switzerland,DEF,509,3.01091703,2.657687546,0.5323821860510806,0.46992510636542245
65,Marko Arnautović,Austria,FWD,297,2.993976632,1.2187787540000001,0.9072656460606061,0.36932689515151523
66,Marc Guehi,England,DEF,610,2.988111779,2.582763365,0.440868951,0.38106344729508196
67,Nathan Aké,Netherlands,DEF,493,2.9718001823,2.5389833063,0.5425193030567952,0.4635060802576065
68,Remo Freuler,Switzerland,MID,472,2.959094363,2.240819712,0.5642340946398305,0.4272749450847458
69,Kieran Trippier,England,DEF,463,2.940869495,2.1053529109999998,0.5716592970842332,0.40924786606911445
70,Dominik Szoboszlai,Hungary,MID,296,2.89849619,1.608442664,0.8812995172297298,0.4890535127027027
71,Romelu Lukaku Menama,Belgium,FWD,380,2.880362097,0.687232724,0.6821910229736842,0.16276564515789474
72,Josip Stanišić,Croatia,DEF,196,2.874965105,1.5868827380000001,1.320137038010204,0.728670645
73,Ferdi Erenay Kadıoğlu,Turkey,DEF,487,2.8721387857,1.9108295362,0.5307854018747432,0.35313071510882954
74,Francisco Fernandes Conceição,Portugal,MID,201,2.860321384,0.723403265,1.2807409182089553,0.32391190970149253
75,Christoph Baumgartner,Austria,MID,311,2.854053292,0.794085332,0.8259318208360128,0.22979961376205785
76,Marin Pongracic,Croatia,DEF,196,2.851671835,2.851671835,1.3094411487244897,1.3094411487244897
77,Stefan Posch,Austria,DEF,390,2.817067096,0.991587383,0.6500924067692307,0.22882785761538463
78,Georges Mikautadze,Georgia,FWD,366,2.766090711,0.11846530599999999,0.680186240409836,0.02913081295081967
79,Kléper Laveran Lima Ferreira,Portugal,DEF,423,2.6889172343,2.604379077,0.5721100498510637,0.5541232078723404
80,Pedro González López,Spain,MID,192,2.6134440392,1.0477514705,1.225051893375,0.491133501796875
81,Donyell Malen,Netherlands,FWD,204,2.580071098,0.42567826400000003,1.1382666608823528,0.1877992341176471
82,İlkay Gündoğan,Germany,MID,403,2.579953557,1.363618169,0.5761682881637717,0.3045301121836228
83,Maximilian Mittelstädt,Germany,DEF,327,2.5740603269999998,1.7283332820000001,0.7084569707339449,0.4756880592660551
84,Andraž Šporar,Slovenia,FWD,352,2.5290965363,0.4596613923,0.6466440007585227,0.11752706053125
85,Nicolas Seiwald,Austria,MID,390,2.510752172,2.200885091,0.5794043473846154,0.5078965594615384
86,Joško Gvardiol,Croatia,DEF,295,2.486246992,2.4173494680000003,0.7585160314576271,0.7374964478644069
87,Rúben Santos Gato Alves Dias,Portugal,DEF,440,2.4539499793,2.2820199433,0.5019443139477272,0.46677680658409093
88,Khvicha Kvaratskhelia,Georgia,FWD,361,2.450111081,1.191126812,0.6108310174238227,0.2969568229362881
89,Roland Sallai,Hungary,MID,289,2.448768527,0.816959377,0.7625922748442906,0.25441641498269896
90,Jeremy Doku,Belgium,FWD,329,2.440655968,0.934591682,0.6676566477811551,0.25566337805471123
91,Kaan Ayhan,Turkey,DEF,377,2.4297142895,1.9936722695,0.5800378940450929,0.47594298210875335
92,Alessandro Bastoni,Italy,DEF,390,2.422643935,1.958786368,0.5590716773076922,0.4520276233846154
93,Stanislav Lobotka,Slovakia,MID,425,2.311517632,2.072545241,0.48949785148235303,0.43889193338823523
94,Ruben Vargas,Switzerland,MID,317,2.299537796,0.707148984,0.6528656203154574,0.20076785034700317
95,Dennis Man,Romania,MID,284,2.281464625,0.700364525,0.7229993529929577,0.22194650440140845
96,Ivan Schranz,Slovakia,FWD,349,2.272511943,1.007726877,0.5860345984813754,0.2598722605444126
97,Benjamin Šeško,Slovenia,FWD,370,2.1984404503,0.521738699,0.5347557852081082,0.12690941327027028
98,Rasmus Winther Højlund,Denmark,FWD,293,2.179748681,0.91288163,0.6695473764163823,0.2804073266211604
99,Abdülkerim Bardakcı,Turkey,DEF,387,2.1785503202,1.7438525162,0.5066396093488372,0.40554709679069767
100,Jonathan Tah,Germany,DEF,333,2.172533224,2.107788358,0.5871711416216215,0.5696725291891892
101,Breel-Donald Embolo,Switzerland,FWD,315,2.168512705,0.49585932699999996,0.6195750585714286,0.14167409342857143
102,Juraj Kucka,Slovakia,MID,376,2.1379176385,1.1477605180000001,0.5117356049601064,0.2747299112234043
103,Robin Hranáč,Czech Republic,DEF,296,2.1274778437,1.7235775937,0.6468682632871622,0.5240607548412163
104,Tomáš Souček,Czech Republic,MID,296,2.124612881,0.779851524,0.6459971597635136,0.23711701743243244
105,Erik Janža,Slovenia,DEF,281,2.1055825463,0.5452842783,0.6743858689217082,0.1746462101316726
106,Rafael Alexandre Conceição Leão,Portugal,FWD,293,2.1050707993,1.2838292623,0.6466087779419795,0.39435028534812283
107,Florian Grillitsch,Austria,MID,201,2.096159041,1.121826926,0.9385786750746268,0.502310563880597
108,Kenan Yildiz,Turkey,FWD,358,2.0956042630000002,1.1182518110000002,0.5268278873463688,0.2811247569553073
109,Dávid Hancko,Slovakia,DEF,396,2.0719966014,1.7903856804,0.47090831850000003,0.4069058364545454
110,Niclas Füllkrug,Germany,UNK,192,2.0712954224,0.8047270759999999,0.97091972925,0.37721581687499994
111,Jakub Piotr Kiwior,Poland,DEF,288,2.039337852,1.2587193909999999,0.63729307875,0.39334980968749994
112,Adam Gnezda Čerin,Slovenia,MID,412,2.0377670963,1.7371474603,0.4451432977354369,0.37947395977427184
113,Pierre-Emile Højbjerg,Denmark,MID,373,2.036188074,1.242313569,0.49130543340482574,0.29975394426273455
114,Silvan Widmer,Switzerland,DEF,312,2.020089088,1.808109811,0.5827180061538462,0.5215701377884615
115,Timothy Castagne,Belgium,DEF,379,1.9881675300000001,1.9881675300000001,0.4721242155672824,0.4721242155672824
116,Amadou Onana,Belgium,MID,385,1.979575646,1.803822429,0.4627579432207793,0.4216727756103896
117,Joachim Andersen,Denmark,DEF,384,1.976616769,1.648967045,0.463269555234375,0.386476651171875
118,João Pedro Cavaco Cancelo,Portugal,DEF,353,1.9758860493000001,1.4700912849999999,0.503766981407932,0.3748108092067989
119,Lukáš Haraslín,Slovakia,FWD,273,1.963921438,0.875175833,0.647446627912088,0.2885195053846154
120,Timi Elšnik,Slovenia,MID,372,1.9621959979999999,0.575641305,0.4747248382258064,0.13926805766129033
121,Ondrej Duda,Slovakia,MID,333,1.959112602,1.633672793,0.5294898924324325,0.4415331872972973
122,Oleksandr Zinchenko,Ukraine,DEF,229,1.9561626235,1.677596901,0.7687975376200873,0.6593175593449783
123,Jannik Vestergaard,Denmark,DEF,384,1.951557195,1.727993561,0.457396217578125,0.404998490859375
124,Žan Karničnik,Slovenia,DEF,412,1.9485321092999999,1.592486812,0.42565021805097086,0.3478733327184466
125,Kristjan Asllani,Albania,MID,291,1.947497294,0.709957826,0.6023187507216494,0.21957458536082475
126,Mert Müldür,Turkey,DEF,365,1.940287349,1.4286706545,0.4784270175616439,0.3522749559041096
127,Nicolò Barella,Italy,MID,357,1.936359563,1.5856828729999999,0.48815787302521,0.3997519847899159
128,Andreas Christensen,Denmark,DEF,369,1.928375476,1.5625136789999998,0.4703354819512195,0.38110089731707314
129,Piotr Zieliński,Poland,MID,262,1.927046796,1.104760458,0.6619626398473282,0.37949786725190837
130,Nicolae Claudiu Stanciu,Romania,MID,370,1.9146152870000002,1.461947613,0.46571723197297304,0.3556088788378378
131,Samet Akaydin,Turkey,DEF,355,1.889895238,1.5689707080000002,0.4791283701971831,0.3977672217464789
132,Jonas Older Wind,Denmark,FWD,200,1.886504807,1.007501638,0.8489271631499999,0.45337573709999995
133,Alexander Hartmann Bah,Denmark,DEF,293,1.884627568,1.140942654,0.5788958399999999,0.35046020088737206
134,Milan Škriniar,Slovakia,DEF,425,1.8750839914,1.617437292,0.3970766099435294,0.3425161324235294
135,Peter Pekarík,Slovakia,DEF,409,1.870688296,0.909669855,0.4116429013202934,0.20017185073349633
136,Leroy Sané,Germany,FWD,223,1.867863885,1.45882479,0.753846410986547,0.5887633681614349
137,Răzvan Gabriel Marin,Romania,MID,376,1.867839129,0.860218021,0.4470891532180851,0.20590324970744683
138,Wout Faes,Belgium,DEF,385,1.840050197,1.840050197,0.43014160449350647,0.43014160449350647
139,Jaka Bijol,Slovenia,DEF,412,1.798541333,1.739713468,0.392885242645631,0.3800344954368932
140,Mikel Oyarzabal Ugarte,Spain,FWD,234,1.7908476409999998,0.74702843,0.6887875542307692,0.2873186269230769
141,Przemysław Frankowski,Poland,DEF,288,1.769400865,1.461475155,0.5529377703124999,0.4567109859375
142,Kevin Danso,Austria,DEF,232,1.759225441,1.721813748,0.6824581452155172,0.6679449884482759
143,Willi Orban,Hungary,DEF,296,1.740532883,0.9924810129999999,0.5292160792905405,0.3017678755743243
144,Yannick Ferreira Carrasco,Belgium,MID,229,1.723302584,1.217897255,0.6772804915283842,0.4786495762008734
145,Alexander Prass,Austria,DEF,194,1.720170366,1.487775626,0.7980171801030929,0.6902051873195876
146,Giorgi Kochorashvili,Georgia,MID,389,1.6776543743,0.597297854,0.3881462562647815,0.13819230555269923
147,Mykola Matvienko,Ukraine,DEF,288,1.6462544965,1.5048831345,0.5144545301562501,0.47027597953125
148,Illia Zabarnyi,Ukraine,DEF,288,1.64348525,1.583584415,0.5135891406249999,0.4948701296875
149,Ladislav Krejčí,Czech Republic,DEF,296,1.6162095197,0.8056243427,0.4914150566655405,0.24495334744256758
150,Giovanni Di Lorenzo,Italy,DEF,390,1.61581976,1.42467411,0.3728814830769231,0.3287709484615384
151,Joey Veerman,Netherlands,MID,233,1.5923770973,1.1731393413,0.6150812822188841,0.4531439515751073
152,Denis Vavro,Slovakia,DEF,425,1.5855143784,1.530956143,0.33575598601411766,0.32420247734117646
153,Barnabás Varga,Hungary,FWD,261,1.579780734,0.571867649,0.5447519772413794,0.19719574103448276
154,Morten Hjulmand,Denmark,MID,248,1.5700784509999999,1.245161295,0.5697865346370967,0.45187305060483873
155,Bendegúz Bolla,Hungary,DEF,216,1.55012841,1.348322333,0.6458868375,0.5618009720833333
156,Mykhailo Mudryk,Ukraine,FWD,181,1.543732144,0.453306294,0.7676016185635359,0.22540091966850828
157,Denis Mihai Drăguş,Romania,FWD,301,1.538005128,0.344958347,0.4598686429235881,0.10314369179401993
158,Riccardo Calafiori,Italy,DEF,295,1.52561842,1.046892293,0.4654429077966102,0.31939086905084746
159,Nicola Zalewski,Poland,DEF,260,1.525136635,1.310573289,0.5279319121153846,0.4536599846538461
160,Lorenzo Pellegrini,Italy,FWD,225,1.519679958,0.633438815,0.6078719832,0.253375526
161,David Strelec,Slovakia,FWD,200,1.505617373,0.154627657,0.67752781785,0.06958244565
162,Giorgi Chakvetadze,Georgia,MID,253,1.4823725877,1.0688393010000001,0.5273262169683794,0.3802195141897234
163,Federico Dimarco,Italy,DEF,239,1.479878832,1.130328384,0.5572765476150627,0.42564667179916316
164,Otar Kakabadze,Georgia,DEF,389,1.477860856,1.063502173,0.34192153480719795,0.24605448732647814
165,Merih Demiral,Turkey,DEF,236,1.4757099745,0.7102074075,0.5627707529872882,0.27084180794491525
166,Mikel Merino Zazón,Spain,MID,217,1.470721475,0.834343373,0.6099766486175114,0.34604103027649774
167,Gianluca Scamacca,Italy,FWD,269,1.4576176410000001,0.474128909,0.4876787646468402,0.15863048999999999
168,Jan Bednarek,Poland,DEF,288,1.4496134129999998,0.8007902929999999,0.4530041915625,0.2502469665625
169,Georgiy Sudakov,Ukraine,MID,276,1.4370287733,0.881918797,0.4685963391195652,0.28758221641304343
170,João Maria Lobo Alves Palhinha Gonçalves,Portugal,MID,310,1.364596529,1.043313648,0.39617318583870964,0.3028975107096774
171,Robert Andrich,Germany,MID,339,1.356851832,0.970159314,0.3602261500884956,0.25756441964601773
172,Artem Dovbyk,Ukraine,FWD,259,1.342064237,0.329117471,0.4663543680694981,0.11436514436293435
173,Andrija Živković,Serbia,DEF,252,1.329801357,0.6398456109999999,0.47492905607142855,0.22851628964285714
174,Aleksandar Mitrović,Serbia,FWD,254,1.3261113469999999,0.172273576,0.4698819733464567,0.061041818267716534
175,Jorge Luiz Frello Filho,Italy,MID,223,1.324007568,1.253011606,0.5343528301345292,0.5056997513004484
176,Ivan Ilić,Serbia,MID,214,1.312700263,1.002670087,0.5520702040654206,0.42168368144859814
177,Jan Mlakar,Slovenia,MID,297,1.284306013,0.21750377999999998,0.38918364030303026,0.06591023636363635
178,Kobbie Mainoo,England,MID,387,1.283879759,0.950124921,0.2985766881395349,0.22095928395348838
179,Lasha Dvali,Georgia,DEF,389,1.2799361057,1.2799361057,0.296129176125964,0.296129176125964
180,Lukáš Provod,Czech Republic,MID,241,1.275334277,1.014172947,0.47626591257261414,0.37873678518672205
181,Mykola Shaparenko,Ukraine,MID,227,1.258550205,0.601424373,0.4989846627753304,0.23845019193832595
182,Vanja Drkušić,Slovenia,DEF,412,1.244033572,1.1505614450000001,0.27175490650485434,0.2513362379854369
183,Orkun Kökçü,Turkey,MID,237,1.2283334262,0.2840270815,0.4664557314683544,0.10785838537974685
184,Konrad Laimer,Austria,MID,285,1.216849381,0.722544938,0.3842682255789474,0.22817208568421052
185,Nicușor Silviu Bancu,Romania,DEF,288,1.203295931,1.046062331,0.37602997843749997,0.32689447843749997
186,Federico Chiesa,Italy,FWD,282,1.171585396,0.572829595,0.3739102327659574,0.18281795585106383
187,Andrei Burcă Andonie,Romania,DEF,385,1.129343662,1.017852042,0.2640024144935065,0.23793943838961037
188,Jakub Moder,Poland,MID,198,1.119848739,0.635444101,0.5090221540909091,0.28883822772727274
189,Strahinja Pavlović,Serbia,DEF,288,1.104396376,1.071487471,0.3451238675,0.3348398346875
190,Joakim Mæhle,Denmark,DEF,306,1.037502363,0.723033473,0.3051477538235294,0.2126569038235294
191,Guram Kashia,Georgia,DEF,389,1.026996025,1.026996025,0.23760833483290492,0.23760833483290492
192,Randal Kolo Muani,France,FWD,219,1.0252679599999999,0.326784555,0.4213429972602739,0.1342950226027397
193,Volodymyr Brazhko,Ukraine,MID,189,1.013107313,0.937357936,0.48243205380952375,0.4463609219047619
194,José Ignacio Fernández Iglesias,Spain,DEF,294,1.012952651,0.985511468,0.3100875462244898,0.30168718408163264
195,András Schäfer,Hungary,MID,296,1.0063668479999999,0.940359154,0.3059899199999999,0.28592001304054054
196,Jasir Asani,Albania,FWD,214,0.995033706,0.619502268,0.41847211934579437,0.26053833700934576
197,Heorhii Tsitaishvili,Georgia,DEF,203,0.994480556,0.794310568,0.44090270955665023,0.35215739467980295
198,Philipp Mwene,Austria,DEF,196,0.980978114,0.846630964,0.45044913397959185,0.388759116122449
199,Arthur Theate,Belgium,DEF,266,0.9744114970000001,0.927672206,0.3296881004887218,0.31387405466165413
200,Eduardo Camavinga,France,MID,188,0.965791003,0.347812303,0.4623467567553191,0.16650588973404254
201,Philipp Lienhart,Austria,DEF,222,0.963575997,0.7824048809999999,0.39063891770270265,0.3171911679729729
202,Andrei Florin Ratiu,Romania,DEF,379,0.944381498,0.653411879,0.22425945862796834,0.1551637707387863
203,Oleksandr Tymchyk,Ukraine,DEF,215,0.943296958,0.925272011,0.39486849404651164,0.3873231673953489
204,Nikola Milenković,Serbia,DEF,288,0.937551908,0.9146391979999999,0.29298497125,0.28582474937499996
205,Attila Fiola,Hungary,DEF,194,0.913509168,0.868672814,0.42379291298969074,0.4029925425773196
206,Ylber Ramadani,Albania,MID,277,0.9065325679999999,0.8756401659999999,0.2945412675812274,0.2845040250541516
207,Tomáš Holeš,Czech Republic,DEF,293,0.8884017294,0.8217377433999999,0.2728879032286689,0.2524109109419795
208,Ianis Hagi,Romania,MID,201,0.855906371,0.529957424,0.38324165865671644,0.2372943689552239
209,Milos Veljkovic,Serbia,DEF,288,0.845456776,0.845456776,0.2642052425,0.2642052425
210,Jan Vertonghen,Belgium,DEF,285,0.832711642,0.727798787,0.26296157115789476,0.22983119589473683
211,Berat Djimsiti,Albania,DEF,291,0.825487616,0.5861218499999999,0.2553054482474227,0.18127479896907217
212,Fabian Rieder,Switzerland,MID,233,0.824255483,0.611594169,0.31838194622317595,0.2362380910300429
213,Dušan Vlahović,Serbia,MID,189,0.802570602,0.532134255,0.3821764771428571,0.2533972642857143
214,Róbert Boženík,Slovakia,FWD,225,0.7932346450000001,0.6590702890000001,0.31729385800000004,0.26362811560000005
215,Scott McTominay,Scotland,MID,295,0.790125945,0.37460540000000003,0.24105537305084745,0.114286393220339
216,Saša Lukić,Serbia,MID,212,0.78115282,0.78115282,0.3316214801886792,0.3316214801886792
217,Davide Frattesi,Italy,MID,204,0.758557287,0.485573687,0.3346576266176471,0.21422368544117648
218,Arlind Afrim Ajeti,Albania,DEF,291,0.7264414490000001,0.7264414490000001,0.22467261309278352,0.22467261309278352
219,Marcelo Brozović,Croatia,MID,241,0.7215856390000001,0.42084395,0.2694718153941909,0.15716164107883818
220,Petar Stojanović,Slovenia,MID,325,0.709685623,0.40525117099999997,0.1965283263692308,0.11222340119999999
221,Mario Mitaj,Albania,DEF,291,0.679137251,0.648456587,0.21004244876288658,0.20055358360824743
222,Anzor Mekvabishvili,Georgia,MID,203,0.665458055,0.584471221,0.2950306647783251,0.25912517187192124
223,Grant Campbell Hanley,Scotland,DEF,250,0.6352900300000001,0.35558265,0.2287044108,0.128009754
224,Maximilian Wöber,Austria,DEF,190,0.617034831,0.48530770199999995,0.29227965678947365,0.2298825956842105
225,Milos Kerkez,Hungary,DEF,242,0.6083092880000001,0.546108995,0.22623072694214877,0.20309838657024795
226,Andrew Robertson,Scotland,DEF,282,0.595225686,0.16705145700000001,0.18996564446808512,0.05331429478723405
227,Elseid Hysaj,Albania,DEF,197,0.587676542,0.446914924,0.26848166893401015,0.20417433076142133
228,Radu Drăgușin,Romania,DEF,385,0.582241791,0.438132556,0.1361084706233766,0.10242059750649352
229,Nedim Bajrami,Albania,MID,257,0.517667876,0.407554367,0.1812844701945525,0.14272331918287937
230,Anthony Ralston,Scotland,DEF,276,0.511597983,0.31715418700000003,0.16682542923913043,0.10341984358695654
231,Callum McGregor,Scotland,MID,268,0.49372745,0.265830699,0.16580399440298507,0.0892715033955224
232,Paweł Dawidowicz,Poland,DEF,192,0.48969033900000003,0.421299469,0.22954234640625001,0.19748412609375002
233,Luka Lochoshvili,Georgia,DEF,186,0.484509438,0.43351119400000004,0.2344400506451613,0.20976348096774194
234,Marius Mihai Marin,Romania,MID,314,0.421572735,0.317733315,0.120832949522293,0.09107005843949044
235,Solomon Kverkvelia,Georgia,DEF,190,0.407318599,0.407318599,0.192940389,0.192940389
236,Márton Dárdai,Hungary,DEF,188,0.384336272,0.327202222,0.18399076851063828,0.15663936159574468
237,Che Adams,Scotland,FWD,213,0.380996454,0.194443796,0.16098441718309858,0.08215935042253521
238,Jack Hendry,Scotland,DEF,295,0.26973886,0.203584276,0.08229321152542374,0.06211045708474576
239,Billy Gilmour,Scotland,MID,191,0.256654463,0.168887175,0.12093665795811517,0.0795803442408377
240,Luke Shaw,England,DEF,195,0.201083429,0.149636712,0.09280773646153848,0.06906309784615385
241,John McGinn,Scotland,FWD,237,0.194443796,0.194443796,0.07383941620253165,0.07383941620253165
