rank,player_name,team,position_group,minutes,xt,xt_p90
1,Lamine Yamal Nasraoui Ebana,Spain,FWD,526,1.5605151885451118,0.2670083022225477
2,Cody Mathès Gakpo,Netherlands,FWD,558,1.2906840344860275,0.2081748442719399
3,Jeremy Doku,Belgium,FWD,329,1.1667750754799266,0.3191785920765757
4,Nicholas Williams Arthuer,Spain,FWD,514,0.9609702524300953,0.16826327377180658
5,Bukayo Saka,England,FWD,662,0.9556610087723728,0.12992370209896306
6,Joshua Kimmich,Germany,DEF,519,0.890942027746712,0.15449861752833158
7,Toni Kroos,Germany,MID,506,0.8721088214921481,0.1551181698306192
8,Aymeric Laporte,Spain,DEF,564,0.8459572337129961,0.13499317559249938
9,Antonio Rüdiger,Germany,DEF,519,0.8097139885878463,0.140412830390956
10,Kylian Mbappé Lottin,France,FWD,486,0.8043954884401161,0.14896212748891038
11,Ousmane Dembélé,France,FWD,370,0.7942227254076364,0.1931893115856413
12,Mykhailo Mudryk,Ukraine,FWD,181,0.7508212920540988,0.3733365540600491
13,Jules Koundé,France,DEF,607,0.6440903567894248,0.09549939392264947
14,Theo Bernard François Hernández,France,DEF,607,0.625455122604155,0.09273634437293897
15,Aurélien Djani Tchouaméni,France,MID,492,0.6091303916240043,0.11142629115073249
16,Francisco Fernandes Conceição,Portugal,MID,201,0.5944447628188855,0.26616929678457557
17,Stefan Posch,Austria,DEF,390,0.5913921121062988,0.13647510279376127
18,Khvicha Kvaratskhelia,Georgia,FWD,361,0.5708614652226345,0.1423200328809892
19,Fabian Lukas Schär,Switzerland,DEF,509,0.5678968422881078,0.10041397997235697
20,Bruno Miguel Borges Fernandes,Portugal,MID,390,0.56425905789422,0.13021362874482
21,Ricardo Iván Rodríguez Araya,Switzerland,DEF,509,0.558110457214133,0.0986835778964086
22,Christoph Baumgartner,Austria,MID,311,0.5550712204123198,0.16063154288459416
23,Barış Alper Yılmaz,Turkey,FWD,487,0.5441884531103812,0.1005687079670109
24,Andrija Živković,Serbia,DEF,252,0.544178356606877,0.19434941307388462
25,Ferdi Erenay Kadıoğlu,Turkey,DEF,487,0.5406188093025692,0.09990902019965345
26,Lukáš Haraslín,Slovakia,FWD,273,0.5366518765958532,0.176918201075556
27,Florian Wirtz,Germany,FWD,303,0.5310916474698423,0.15774999429797296
28,Nuno Mendes,Portugal,DEF,434,0.5275588180708837,0.10940159821746435
29,N'Golo Kanté,France,MID,538,0.5196804781407419,0.08693539597149957
30,Maximilian Wöber,Austria,DEF,190,0.5119092769623119,0.24248334171898986
31,Vladimír Coufal,Czech Republic,DEF,296,0.49962737365358323,0.15191372847575166
32,Riccardo Calafiori,Italy,DEF,295,0.4913828461715396,0.1499134106964019
33,Roland Sallai,Hungary,MID,289,0.47723443509199487,0.14861972027086345
34,Arda Güler,Turkey,FWD,360,0.4688954020219117,0.11722385050547794
35,Joachim Andersen,Denmark,DEF,384,0.4641862009216986,0.10879364084102311
36,Daniel Olmo Carvajal,Spain,MID,461,0.46349400757499826,0.09048689952657234
37,Nathan Aké,Netherlands,DEF,493,0.4593839227093397,0.0838631907582973
38,Bernardo Mota Veiga de Carvalho e Silva,Portugal,FWD,440,0.4540848807587922,0.09288099833702568
39,Jude Bellingham,England,MID,707,0.454063529426486,0.05780158083222594
40,Mateo Kovačić,Croatia,MID,234,0.44899484276928053,0.17269032414203098
41,Jamal Musiala,Germany,FWD,443,0.44487013788351565,0.09037993771899866
42,Kyle Walker,England,DEF,733,0.4419367497107882,0.05426235671755926
43,Fabián Ruiz Peña,Spain,MID,574,0.4249290280383842,0.06662650265410205
44,Yannick Ferreira Carrasco,Belgium,MID,229,0.4121019981331248,0.1619614839824508
45,Rúben Santos Gato Alves Dias,Portugal,DEF,440,0.41076656869417794,0.08402043450562731
46,Adrien Rabiot,France,MID,386,0.40383535031996537,0.09415850136994011
47,Petar Stojanović,Slovenia,MID,325,0.3935699792373416,0.10898860963495613
48,Maximilian Mittelstädt,Germany,DEF,327,0.3935486772147672,0.10831614969213778
49,Alexander Prass,Austria,DEF,194,0.39221702415801407,0.18195635141351166
50,Timi Elšnik,Slovenia,MID,372,0.38892280653310063,0.09409422738704047
51,Dan Ndoye,Switzerland,DEF,418,0.38836525487119505,0.08361931324977884
52,Giovanni Di Lorenzo,Italy,DEF,390,0.38652767564095375,0.08919869437868162
53,Rafael Alexandre Conceição Leão,Portugal,FWD,293,0.3851324125210955,0.11830005845357881
54,Stefan de Vrij,Netherlands,DEF,584,0.3844104110324968,0.05924133046733683
55,Milos Veljkovic,Serbia,DEF,288,0.38013733122388943,0.11879291600746546
56,John Stones,England,DEF,733,0.3732730377339975,0.045831614455743214
57,Dominik Szoboszlai,Hungary,MID,296,0.36901605513645064,0.11220082757527215
58,Memphis Depay,Netherlands,FWD,475,0.36340975948966614,0.06885658600856832
59,Lorenzo Pellegrini,Italy,FWD,225,0.36318699143450034,0.14527479657380013
60,Abdülkerim Bardakcı,Turkey,DEF,387,0.3527918325471553,0.08204461222026867
61,Dayotchanculle Upamecano,France,DEF,607,0.35003049237359507,0.05189908453644738
62,Alessandro Bastoni,Italy,DEF,390,0.3437265307644753,0.0793215070994943
63,Georgiy Sudakov,Ukraine,MID,276,0.3346815160645219,0.1091352769775615
64,Milan Škriniar,Slovakia,DEF,425,0.33395235730640566,0.07071932272370944
65,Marc Guehi,England,DEF,610,0.332217115469395,0.04901563998728778
66,Rodrigo Hernández Cascante,Spain,MID,555,0.3306956950378245,0.05362632892505262
67,Denzel Dumfries,Netherlands,DEF,482,0.3280618909860475,0.061256369686191435
68,Declan Rice,England,MID,733,0.32666713736218683,0.040109198311864686
69,Joakim Mæhle,Denmark,DEF,306,0.3231779580781583,0.09505234061122303
70,Tijjani Reijnders,Netherlands,MID,527,0.31390178998271095,0.05360751631583299
71,Michel Aebischer,Switzerland,DEF,504,0.31356947800695556,0.05599454964409921
72,Álvaro Borja Morata Martín,Spain,FWD,467,0.3124778568005123,0.0602205719744028
73,Federico Chiesa,Italy,FWD,282,0.31020691256136457,0.09900220613660571
74,Denis Vavro,Slovakia,DEF,425,0.30557911147432165,0.06471087066515047
75,Virgil van Dijk,Netherlands,DEF,584,0.30032568538660537,0.04628306795341521
76,Jerdy Schouten,Netherlands,MID,535,0.2973555512664718,0.05002242918501394
77,Nicolae Claudiu Stanciu,Romania,MID,370,0.29498729254914635,0.07175366575519776
78,Antoine Griezmann,France,MID,416,0.2866305753535222,0.06201142255244471
79,Kléper Laveran Lima Ferreira,Portugal,DEF,423,0.28659565947844573,0.06097779988903101
80,Jannik Vestergaard,Denmark,DEF,384,0.2843497516836883,0.06664447305086445
81,Mykola Matvienko,Ukraine,DEF,288,0.2819274084515433,0.08810231514110728
82,Robert Andrich,Germany,MID,339,0.28091580216840906,0.07457941650488736
83,Xavi Simons,Netherlands,MID,480,0.277927680557097,0.05211144010445568
84,Nicolas Seiwald,Austria,MID,390,0.2736602041806072,0.06315235481090936
85,Manuel Obafemi Akanji,Switzerland,DEF,509,0.27322185759359036,0.048310348101027765
86,Pedro González López,Spain,MID,192,0.27086211127720305,0.12696661466118894
87,Ruben Vargas,Switzerland,MID,317,0.26761436912080955,0.07597884296805318
88,Luka Modrić,Croatia,MID,245,0.2675394050219294,0.09827978143662713
89,Marc Cucurella Saseta,Spain,DEF,588,0.2625345572060084,0.040183860796838014
90,Pierre-Emile Højbjerg,Denmark,MID,373,0.2624276149882365,0.06332033605614286
91,Ivan Schranz,Slovakia,FWD,349,0.2593515235021604,0.06688148170542818
92,Kevin De Bruyne,Belgium,MID,385,0.2571948204353236,0.060123464517348374
93,Robin Aime Robert Le Normand,Spain,DEF,468,0.25433251280531877,0.04891009861640746
94,Dávid Hancko,Slovakia,DEF,396,0.2515132926570706,0.05716211196751605
95,Tomáš Holeš,Czech Republic,DEF,293,0.2509039883696319,0.0770694844821395
96,Kenan Yildiz,Turkey,FWD,358,0.2470803295137358,0.06211516663753135
97,Jonathan Tah,Germany,DEF,333,0.24142163777747852,0.06524909129121041
98,Otar Kakabadze,Georgia,DEF,389,0.23914598780087823,0.05532940591794098
99,Tomáš Souček,Czech Republic,MID,296,0.23866738492838308,0.07256778595795432
100,Przemysław Frankowski,Poland,DEF,288,0.23660760851101778,0.07393987765969307
101,Leroy Sané,Germany,FWD,223,0.2354571958762295,0.09502756784242447
102,Kieran Trippier,England,DEF,463,0.23460544973044734,0.04560365113550812
103,Vitor Machado Ferreira,Portugal,MID,363,0.23258668956089681,0.05766612137873475
104,Illia Zabarnyi,Ukraine,DEF,288,0.22712084661236703,0.0709752645663647
105,Piotr Zieliński,Poland,MID,262,0.22647112629831617,0.07779542506430709
106,Wout Faes,Belgium,DEF,385,0.22349550605267562,0.05224570271361248
107,William Saliba,France,DEF,607,0.2226887909864205,0.03301810739502116
108,Anthony Ralston,Scotland,DEF,276,0.22179157854487586,0.07232334082985083
109,Samet Akaydin,Turkey,DEF,355,0.2190534161531881,0.055534668883906846
110,Oleksandr Zinchenko,Ukraine,DEF,229,0.2180731162872457,0.08570559155393936
111,Remo Freuler,Switzerland,MID,472,0.21569136044326725,0.04112758991502977
112,Arthur Theate,Belgium,DEF,266,0.2114758137966615,0.07155196707405839
113,Willi Orban,Hungary,DEF,296,0.20992801491103105,0.0638294639932189
114,Granit Xhaka,Switzerland,MID,509,0.2079475486115043,0.03676872175841923
115,Philipp Mwene,Austria,DEF,196,0.20679255410385788,0.09495576463952658
116,Giorgi Kochorashvili,Georgia,MID,389,0.2059327920321136,0.047645118979152246
117,João Pedro Cavaco Cancelo,Portugal,DEF,353,0.20531150531757894,0.05234570957105412
118,Joey Veerman,Netherlands,MID,233,0.20353153536186416,0.07861733125565569
119,Donyell Malen,Netherlands,FWD,204,0.20316550863422403,0.0896318420445106
120,Mert Müldür,Turkey,DEF,365,0.19639590763643008,0.04842638818432523
121,Nicola Zalewski,Poland,DEF,260,0.18921642166856992,0.06549799211604343
122,Lasha Dvali,Georgia,DEF,389,0.18671767716950888,0.04319946258420514
123,Bendegúz Bolla,Hungary,DEF,216,0.18545495288231761,0.077272897034299
124,Jakub Piotr Kiwior,Poland,DEF,288,0.18500882397421436,0.057815257491941996
125,Ivan Ilić,Serbia,MID,214,0.18366925473553314,0.07724407909438309
126,Žan Karničnik,Slovenia,DEF,412,0.1831401142437441,0.040006335635769344
127,Andrei Florin Ratiu,Romania,DEF,379,0.18174508127400252,0.043158462571662864
128,Daniel Carvajal Ramos,Spain,DEF,504,0.18020689127880016,0.03217980201407145
129,Kobbie Mainoo,England,MID,387,0.1801180478767898,0.04188791811088135
130,Giorgi Chakvetadze,Georgia,MID,253,0.17278358461698246,0.061464516266910754
131,Erik Janža,Slovenia,DEF,281,0.16895706239700864,0.054114361621817715
132,Eduardo Camavinga,France,MID,188,0.16604080569584465,0.07948761974801073
133,Kristjan Asllani,Albania,MID,291,0.16550910447063505,0.0511883828259696
134,Alexander Hartmann Bah,Denmark,DEF,293,0.16415244904281975,0.05042225397219719
135,Florian Grillitsch,Austria,MID,201,0.16374714277354568,0.07331961616725927
136,Timothy Castagne,Belgium,DEF,379,0.16353788030003646,0.03883485284169731
137,Jasir Asani,Albania,FWD,214,0.16251294273223685,0.06834656470047344
138,Heorhii Tsitaishvili,Georgia,DEF,203,0.16237208775225032,0.07198762511183512
139,Dennis Man,Romania,MID,284,0.16022755680225423,0.05077633842324958
140,José Ignacio Fernández Iglesias,Spain,DEF,294,0.15783029106978688,0.048315395225444965
141,Juraj Kucka,Slovakia,MID,376,0.15554511110554084,0.037231542551858184
142,Kevin Danso,Austria,DEF,232,0.15488202261468056,0.06008354325569505
143,Márton Dárdai,Hungary,DEF,188,0.15449034024945885,0.0739581416087835
144,Benjamin Šeško,Slovenia,FWD,370,0.1494140390342189,0.03634395544075595
145,Joško Gvardiol,Croatia,DEF,295,0.14835057624435233,0.045259497837260035
146,Nedim Bajrami,Albania,MID,257,0.14786472580951573,0.05178142148971368
147,Jonas Older Wind,Denmark,FWD,200,0.1466377570773446,0.06598699068480507
148,Fabian Rieder,Switzerland,MID,233,0.14659115728840616,0.05662319380238865
149,Mykola Shaparenko,Ukraine,MID,227,0.14459956703808396,0.05733022481686148
150,Hakan Çalhanoğlu,Turkey,MID,373,0.14378153565935028,0.03469259573550007
151,Nikola Milenković,Serbia,DEF,288,0.14156732788449042,0.04423978996390326
152,Marcus Thuram,France,FWD,275,0.14134917471233682,0.04625972990585569
153,İlkay Gündoğan,Germany,MID,403,0.14021567463909876,0.03131367423701957
154,Strahinja Pavlović,Serbia,DEF,288,0.13967642880764258,0.043648884002388304
155,Marcelo Brozović,Croatia,MID,241,0.1376257747614195,0.05139551754575832
156,Breel-Donald Embolo,Switzerland,FWD,315,0.1333191945528261,0.0380911984436646
157,Georges Mikautadze,Georgia,FWD,366,0.13226294474614114,0.03252367493757569
158,Jan Vertonghen,Belgium,DEF,285,0.1311158088196632,0.041404992258841006
159,Kai Havertz,Germany,FWD,411,0.13107960983790493,0.02870356419808137
160,Saša Lukić,Serbia,MID,212,0.1291832517262406,0.05484194648755497
161,Ianis Hagi,Romania,MID,201,0.12697680934905917,0.05685528776823545
162,Andraž Šporar,Slovenia,FWD,352,0.1252085051616811,0.03201353825156619
163,Andrew Robertson,Scotland,DEF,282,0.12473782679311532,0.03980994472120702
164,Robin Hranáč,Czech Republic,DEF,296,0.12421245510635189,0.037767300539093475
165,András Schäfer,Hungary,MID,296,0.12088612089607648,0.03675591513732055
166,Marcel Sabitzer,Austria,FWD,390,0.12050643061597345,0.027809176295993873
167,Andrei Burcă Andonie,Romania,DEF,385,0.11942623144737056,0.027917820338346364
168,Cristiano Ronaldo dos Santos Aveiro,Portugal,FWD,507,0.11856186335643135,0.021046484619484853
169,Peter Pekarík,Slovakia,DEF,409,0.11837341988810404,0.02604794080667326
170,Federico Dimarco,Italy,DEF,239,0.11486337457864444,0.0432539904271046
171,Răzvan Gabriel Marin,Romania,MID,376,0.10980012817767608,0.026281945574443744
172,Jan Mlakar,Slovenia,MID,297,0.10743456468364354,0.032555928692013195
173,Mario Mitaj,Albania,DEF,291,0.1070970636600576,0.03312280319383225
174,Josip Šutalo,Croatia,DEF,295,0.10535621756499258,0.03214257485033672
175,Phil Foden,England,FWD,645,0.10425904665716372,0.01454777395216238
176,Artem Dovbyk,Ukraine,FWD,259,0.10381699811851908,0.03607540475160895
177,Stanislav Lobotka,Slovakia,MID,425,0.10076824104816617,0.021339156927846954
178,Philipp Lienhart,Austria,DEF,222,0.10036526355611758,0.04068862036058821
179,João Maria Lobo Alves Palhinha Gonçalves,Portugal,MID,310,0.09830803503728172,0.028541042430178562
180,Jan Bednarek,Poland,DEF,288,0.0976138974836407,0.030504342963637722
181,Jakub Moder,Poland,MID,198,0.09732525323067509,0.04423875146848867
182,Marius Mihai Marin,Romania,MID,314,0.0943296237527682,0.02703715330493356
183,Ladislav Krejčí,Czech Republic,DEF,296,0.08761397207739009,0.02663938340190915
184,Grant Campbell Hanley,Scotland,DEF,250,0.08720328597186,0.0313931829498696
185,Jack Hendry,Scotland,DEF,295,0.08232350659590973,0.02511564608010805
186,Radu Drăgușin,Romania,DEF,385,0.08187012019126999,0.019138469655102075
187,Vanja Drkušić,Slovenia,DEF,412,0.0812367088701133,0.017745883005607276
188,Nicușor Silviu Bancu,Romania,DEF,288,0.0801772625784448,0.025055394555764002
189,Marin Pongracic,Croatia,DEF,196,0.0797867558493565,0.03663677564511268
190,Milos Kerkez,Hungary,DEF,242,0.07732048760556225,0.028755553241738025
191,Randal Kolo Muani,France,FWD,219,0.07667232140570579,0.031509173180427036
192,Attila Fiola,Hungary,DEF,194,0.07192789379973571,0.033368610525650585
193,Josip Stanišić,Croatia,DEF,196,0.0698958290336198,0.032095023535845826
194,Guram Kashia,Georgia,DEF,389,0.06788351188794346,0.015705696837827538
195,Solomon Kverkvelia,Georgia,DEF,190,0.06769550979185487,0.03206629411193125
196,Anzor Mekvabishvili,Georgia,MID,203,0.06720002226989305,0.02979311332162746
197,Berat Djimsiti,Albania,DEF,291,0.0646847480673941,0.020005592185791992
198,John McGinn,Scotland,FWD,237,0.061908704266586165,0.023509634531615
199,Oleksandr Tymchyk,Ukraine,DEF,215,0.05979539427522018,0.02503063016172008
200,Lukáš Provod,Czech Republic,MID,241,0.05599061969333889,0.020909360051454356
201,David Strelec,Slovakia,FWD,200,0.052042843796210166,0.023419279708294573
202,Andreas Christensen,Denmark,DEF,369,0.051767845789929864,0.012626303851202406
203,Mikel Oyarzabal Ugarte,Spain,FWD,234,0.050032086993363326,0.019243110382062816
204,Orkun Kökçü,Turkey,MID,237,0.04940815115520397,0.01876258904627999
205,Merih Demiral,Turkey,DEF,236,0.04746565618584837,0.018101309562399803
206,Luke Shaw,England,DEF,195,0.045637614004138405,0.021063514155756188
207,Arlind Afrim Ajeti,Albania,DEF,291,0.044779677002428395,0.01384938463992631
208,Adam Gnezda Čerin,Slovenia,MID,412,0.038656283333407045,0.00844433373788018
209,Paweł Dawidowicz,Poland,DEF,192,0.03699587667920162,0.017341817193375762
210,Scott McTominay,Scotland,MID,295,0.030300434373036693,0.009244200317197634
211,Nicolò Barella,Italy,MID,357,0.02538278197838181,0.006399020666818944
212,Harry Kane,England,FWD,629,0.024561183854221763,0.0035143188344673427
213,Billy Gilmour,Scotland,MID,191,0.023267819456862394,0.010963893984908981
214,Andrej Kramarić,Croatia,FWD,246,0.0230427558870417,0.008430276544039647
215,Ylber Ramadani,Albania,MID,277,0.02199132875816542,0.007145197069440028
216,Konrad Laimer,Austria,MID,285,0.013554688760897604,0.004280428029757138
217,Niclas Füllkrug,Germany,UNK,192,0.007097538430279934,0.0033269711391937192
218,Elseid Hysaj,Albania,DEF,197,-0.0016178134298716453,-0.0007391025821748633
219,Davide Frattesi,Italy,MID,204,-0.0018899088650200877,-0.0008337833228029799
220,Jorge Luiz Frello Filho,Italy,MID,223,-0.007377862471894337,-0.002977612656818342
221,Luka Lochoshvili,Georgia,DEF,186,-0.00875493277251621,-0.004236257793153005
222,Morten Hjulmand,Denmark,MID,248,-0.01094770845433988,-0.003972958713268505
223,Denis Mihai Drăguş,Romania,FWD,301,-0.01713020930880872,-0.005121989494328188
224,Róbert Boženík,Slovakia,FWD,225,-0.017211437717570274,-0.00688457508702811
225,Aleksandar Mitrović,Serbia,FWD,254,-0.017606220582508762,-0.006238424615849562
226,Rasmus Winther Højlund,Denmark,FWD,293,-0.019508678242671933,-0.0059924267639606624
227,Silvan Widmer,Switzerland,DEF,312,-0.020436248633400385,-0.005895071721173188
228,Christian Dannemann Eriksen,Denmark,MID,364,-0.022855583220612156,-0.005651105741360149
229,Volodymyr Brazhko,Ukraine,MID,189,-0.023070148414366994,-0.010985784959222379
230,Mikel Merino Zazón,Spain,MID,217,-0.025478401795050544,-0.010567079085504834
231,Ondrej Duda,Slovakia,MID,333,-0.03939588664295813,-0.010647536930529224
232,Gianluca Scamacca,Italy,FWD,269,-0.046536913565705884,-0.015569971081462936
233,Kaan Ayhan,Turkey,DEF,377,-0.055050449163612104,-0.013142017041711111
234,Che Adams,Scotland,FWD,213,-0.056570370852017486,-0.023902973599444006
235,Romelu Lukaku Menama,Belgium,FWD,380,-0.05816768703079349,-0.013776557454661616
236,Marko Arnautović,Austria,FWD,297,-0.06375048593637044,-0.019318329071627404
237,Barnabás Varga,Hungary,FWD,261,-0.06380639451369294,-0.0220022050047217
238,Jaka Bijol,Slovenia,DEF,412,-0.06781450093802753,-0.014813847292287567
239,Callum McGregor,Scotland,MID,268,-0.09624064198786858,-0.03231961857801557
240,Amadou Onana,Belgium,MID,385,-0.24260408909388367,-0.05671264420376502
241,Dušan Vlahović,Serbia,MID,189,-0.24969235091558062,-0.11890111948360983
